[{"name":"theme_info","theme_name":"Apollotheme base","theme_author":"Shopify","theme_version":"1.0.0","theme_documentation_url":"https:\/\/help.shopify.com\/manual\/using-themes\/sections","theme_support_email":"apollotheme@gmail.com.com"},{"name":"Apollo Theme Configuration","settings":[{"type":"header","content":"General Setting"},{"type":"text","id":"width_content","label":"Width Content Page","default":"1600px"},{"type":"checkbox","id":"enable_language","label":"Enable Multiple Language"},{"type":"checkbox","id":"enable_smooth_scroll","label":"Enable Smooth Scroll"},{"type":"checkbox","id":"theme_paneltool_enable","label":"Enable Panel Tool"},{"type":"header","content":"Favicon"},{"type":"image_picker","id":"favicon","label":"Favicon image","info":"Will be scaled down to 32 x 32px"},{"type":"text","id":"theme_newproduct","label":"Number of days for which the product is considered 'new'","info":"Ex: 100(days)"},{"type":"header","content":"--* Breadcrumbs *--"},{"type":"color","id":"color_breadcrumbs","label":"Color Breadcrumbs","default":"#666666"},{"type":"color","id":"color_breadcrumbs_active","label":"Color Breadcrumbs Active","default":"#222222"},{"type":"color","id":"bg_breadcrumb","label":"Background Breadcrumbs","default":"#f7f7f7"},{"type":"checkbox","id":"show_title_breadcumbs","label":"Show Big Title"},{"type":"radio","id":"align_bread","label":"Alignment Title Breadcrumbs ","options":[{"value":"left","label":"Left"},{"value":"center","label":"Center"},{"value":"right","label":"Right"}],"default":"left"},{"type":"radio","id":"style_breadcrumb","label":"Style Breadcrumbs","options":[{"value":"style_1","label":"Default"},{"value":"style_3","label":"Style Background"}],"default":"style_1"},{"type":"radio","id":"layout_bread","label":"Layout Breadcrumbs","options":[{"value":"container","label":"Container"},{"value":"page-content","label":"Full - Box"}],"default":"container"},{"type":"image","id":"bg_breadcrumb.jpg","label":"Background Breadcrumbs"},{"type":"header","content":"Back To Top"},{"type":"checkbox","id":"theme_backtotop_enable","label":"Enable backtotop"},{"type":"header","content":"Header Style"},{"type":"radio","id":"theme_float_style","label":"Float style","options":[{"value":"","label":"Default"},{"value":"keep-topbar","label":"Float Topbar"},{"value":"keep-header","label":"Float Header"}],"default":""},{"type":"header","content":"Images"},{"type":"text","id":"home_product_imagesize","label":"Home Product Image Size","default":"270x350"},{"type":"text","id":"product_page_imagesize","label":"Product Page Image Size","default":"480x480"},{"type":"text","id":"product_sidebar_imagesize","label":"Sidebar Image Size","default":"240x240"},{"type":"text","id":"product_menu_imagesize","label":"Menu Image Size","default":"100x100"},{"type":"text","id":"product_cart_imagesize","label":"Cart Image Size","default":"50x50"},{"type":"text","id":"blogpage_imagesize","label":"Blogpage Image Size","default":"master"}]},{"name":"Loading Site","settings":[{"type":"checkbox","id":"theme_loading_enable","label":"Loading for Improve SEO"},{"type":"color","id":"bg_loading","label":"Background Color Loading","default":"#FFFFFF"},{"type":"radio","id":"style_loadding","label":"Style Loadding","options":[{"value":"style_1","label":"Style 1 Logo"},{"value":"style_2","label":"Style 2 load 3 dot"},{"value":"style_3","label":"Style 3 Circle"},{"value":"style_4","label":"Style 4 Logo Load"},{"value":"style_5","label":"Style 5 Loading Long"}]},{"type":"checkbox","id":"enable_loadlogo","label":"Enable Logo Load","default":true},{"type":"image_picker","id":"logo-loading","label":"Logo For loading"},{"type":"color","id":"bg_color_style","label":"----> Color Loading for Style ","default":"#ff4850"}]},{"name":"Color Apollotheme","settings":[{"type":"color","id":"theme_color_primary","label":"Primary Color","default":"#FFFFFF"},{"type":"color","id":"theme_color_secondary","label":"Secondary Color","default":"#000000"},{"type":"color","id":"theme_color_tertiary","label":"Tertiary Color","default":"#666666"},{"type":"color","id":"theme_color_four","label":"Four Color","default":"#B34A4A"},{"type":"color","id":"theme_color_body_bg","label":"Body Background","default":"#FFFFFF"},{"type":"color","id":"theme_color_borders","label":"Border Colors","default":"#e4e4e4"},{"type":"header","content":"Body Text"},{"type":"color","id":"theme_text_color_primary","label":"Primary Text Color","default":"#666666"},{"type":"color","id":"theme_text_color_secondary","label":"Secondary Text Color","default":"#000000"},{"type":"color","id":"theme_text_color_tertiary","label":"Tertiary Text Color","default":"#999999"},{"type":"color","id":"theme_text_color_banner","label":"Banner Text Color","default":"#FFFFFF"},{"type":"header","content":"Color For Products"},{"type":"color","id":"color_percent","label":"Color Percent","default":"#ff4a32"},{"type":"color","id":"color_new","label":"Color New","default":"#30c22c"},{"type":"color","id":"color_price","label":"Color Price","default":"#666666"},{"type":"color","id":"color_sale","label":"Color Price Sale","default":"#ff4850"},{"type":"header","content":"Button Color Primary"},{"type":"color","id":"theme_text_color_buttonone","label":"Primary Button Text Color","default":"#FFFFFF"},{"type":"color","id":"theme_bg_color_buttonone","label":"Primary Button Bg Color","default":"#000000"},{"type":"color","id":"theme_border_color_buttonone","label":"Primary Button Border Color","default":"#000000"},{"type":"color","id":"theme_text_color_buttonone_hover","label":"Primary Button Text Color Hover","default":"#000000"},{"type":"color","id":"theme_bg_color_buttonone_hover","label":"Primary Button Bg Color Hover","default":"#000000"},{"type":"color","id":"theme_border_color_buttonone_hover","label":"Primary Button Border Color Hover","default":"#000000"},{"type":"header","content":"Button Color Secondary"},{"type":"color","id":"theme_text_color_buttontwo","label":"Secondary Button Text Color","default":"#000000"},{"type":"color","id":"theme_bg_color_buttontwo","label":"Secondary Button Bg Color","default":"#FFFFFF"},{"type":"color","id":"theme_border_color_buttontwo","label":"Secondary Button Border Color","default":"#FFFFFF"},{"type":"color","id":"theme_text_color_buttontwo_hover","label":"Secondary Button Text Color Hover","default":"#FFFFFF"},{"type":"color","id":"theme_bg_color_buttontwo_hover","label":"Secondary Button Bg Color Hover","default":"#000000"},{"type":"color","id":"theme_border_color_buttontwo_hover","label":"Secondary Button Border Color Hover","default":"#000000"},{"type":"header","content":"Dot Slick"},{"type":"color","id":"color_dot","label":"Slick dot","default":"#ddd"},{"type":"color","id":"color_dot_active","label":"Slick dot active","default":"#3ab16a"},{"type":"header","content":"Image overlays"},{"type":"color","id":"color_image_overlay_text","label":"Text","default":"#fff"},{"type":"color","id":"color_image_overlay","label":"Background","default":"#3d4246"},{"type":"select","id":"image_overlay_opacity","label":"Opacity","default":"0.25","options":[{"label":"100%","value":"1"},{"label":"95%","value":"0.95"},{"label":"90%","value":"0.9"},{"label":"85%","value":"0.85"},{"label":"80%","value":"0.8"},{"label":"75%","value":"0.75"},{"label":"70%","value":"0.7"},{"label":"65%","value":"0.65"},{"label":"60%","value":"0.6"},{"label":"55%","value":"0.55"},{"label":"50%","value":"0.5"},{"label":"45%","value":"0.45"},{"label":"40%","value":"0.4"},{"label":"35%","value":"0.35"},{"label":"30%","value":"0.3"},{"label":"25%","value":"0.25"},{"label":"20%","value":"0.2"},{"label":"0%","value":"0"}]}]},{"name":"Typography","settings":[{"type":"select","id":"theme_font_family","label":"Font Family","options":[{"value":"Helvetica, Arial, sans-serif","label":"Helvetica\/Arial","group":"Sans-serif"},{"value":"HelveticaNeue, sans-serif","label":"HelveticaNeue","group":"Sans-serif"},{"value":"Impact, Charcoal, Helvetica, Arial, sans-serif","label":"Impact","group":"Sans-serif"},{"value":"'Lucida Grande', 'Lucida Sans Unicode', 'Lucida Sans', Lucida, Helvetica, Arial, sans-serif","label":"Lucida Grande","group":"Sans-serif"},{"value":"Trebuchet MS, sans-serif","label":"Trebuchet MS","group":"Sans-serif"},{"value":"Verdana, Helvetica, Arial, sans-serif","label":"Verdana","group":"Sans-serif"},{"value":"Garamond, Baskerville, Caslon, serif","label":"Garamond","group":"Serif"},{"value":"Georgia, Utopia, 'Times New Roman', Times, serif","label":"Georgia","group":"Serif"},{"value":"Palatino, 'Palatino Linotype', 'Book Antiqua', serif","label":"Palatino","group":"Serif"},{"value":"'Times New Roman', Times, serif","label":"Times New Roman","group":"Serif"}],"info":"Font family base"},{"type":"select","id":"theme_font_family_tertiary","label":"Font Family Tertiary","options":[{"value":"Helvetica, Arial, sans-serif","label":"Helvetica\/Arial","group":"Sans-serif"},{"value":"HelveticaNeue, sans-serif","label":"HelveticaNeue","group":"Sans-serif"},{"value":"Impact, Charcoal, Helvetica, Arial, sans-serif","label":"Impact","group":"Sans-serif"},{"value":"'Lucida Grande', 'Lucida Sans Unicode', 'Lucida Sans', Lucida, Helvetica, Arial, sans-serif","label":"Lucida Grande","group":"Sans-serif"},{"value":"Trebuchet MS, sans-serif","label":"Trebuchet MS","group":"Sans-serif"},{"value":"Verdana, Helvetica, Arial, sans-serif","label":"Verdana","group":"Sans-serif"},{"value":"Garamond, Baskerville, Caslon, serif","label":"Garamond","group":"Serif"},{"value":"Georgia, Utopia, 'Times New Roman', Times, serif","label":"Georgia","group":"Serif"},{"value":"Palatino, 'Palatino Linotype', 'Book Antiqua', serif","label":"Palatino","group":"Serif"},{"value":"'Times New Roman', Times, serif","label":"Times New Roman","group":"Serif"}],"info":"Font Title, Slideshow, Megamenu, Button"},{"type":"header","content":"--- * Select Font * ---"},{"type":"radio","id":"type_base_family","label":"Select Font Family:","options":[{"value":"default-font","label":"Default Font"},{"value":"google-font","label":"[Google Font](http:\/\/www.google.com\/fonts)"}],"default":"google-font"},{"type":"header","content":"--- * Body Text * ---"},{"type":"text","id":"type_base","label":"Google Font","default":"Hind","info":"Body Text"},{"type":"header","content":"--- * Title, Slideshow, Megamenu, Button * ---"},{"type":"text","id":"type_header","label":"Google Font","default":"Hind","info":"Title, Slideshow, Megamenu, Button"},{"type":"text","id":"theme_font_size","label":"Font Size Default","default":"14"},{"type":"header","content":"Typo Style Title"},{"type":"radio","id":"title_style","label":"Style Title","options":[{"value":"none","label":"None"},{"value":"style1","label":"Style 1"},{"value":"style2","label":"Style 2"}]},{"type":"checkbox","id":"size_title","label":"Size Lager"},{"type":"checkbox","id":"text-align","label":"Enable title left"}]},{"name":"Header","settings":[{"type":"select","id":"header-template-layout","label":"Layout Header","default":"header-template1","options":[{"value":"header-template1","label":"Header 1 Default"},{"value":"header-template2","label":"Header 2 Container"},{"value":"header-template3","label":"Header 3 Logo Left"},{"value":"header-template4","label":"Header 4 Logo near Menu"},{"value":"header-template5","label":"Header 5 Header Transparent"},{"value":"header-template6","label":"Header 6 Creative"},{"value":"header-template7","label":"Header 7 Logo Center Menu"},{"value":"header-template8","label":"Header 8 Logo Top"},{"value":"header-template9","label":"Header 9 Logo Top Center"},{"value":"header-template10","label":"Header 10 Menu Sidebar"},{"value":"header-template11","label":"Header 11 OverLay"},{"value":"header-template12","label":"Header 12 Vertical Creative"}],"info":"Select template Header"},{"type":"radio","id":"layout_header","label":"Layout Header","options":[{"value":"container","label":"Container"},{"value":"page-content","label":"Full - Box"}],"default":"page-content"},{"type":"color","id":"color_head","label":"Background Header","default":"#ffffff"},{"type":"color","id":"color_head_text","label":"Text Color Header","default":"#222222"},{"type":"header","content":"Logo"},{"type":"image_picker","id":"logo","label":"Logo image"},{"type":"image_picker","id":"logo_rentina","label":"Logo Retina For Table and Mobile"},{"type":"text","id":"logo_max_width","label":"Custom logo width (in pixels)","default":"123"},{"type":"header","content":"---*  Header 6 *---"},{"type":"color","id":"colortopbar","label":"Background Top Bar","default":"#fafafa"},{"type":"text","id":"name_menu","label":"Name Menu Right"},{"type":"text","id":"enable_banner_run_top","label":"Text Top bar"},{"type":"header","content":"---* Header 7 *---"},{"type":"text","id":"margin-left-cw","label":"Margin Left Logo","default":"300px"},{"type":"header","content":"Account Header"},{"type":"radio","id":"user_info","label":"Style User Account Header","options":[{"value":"list","label":"Style List"},{"value":"form","label":"Style Form"}],"info":"Select Style Account"},{"type":"checkbox","id":"enable_line","label":"Enable Setting 3 Line"},{"type":"radio","id":"style_line","label":"Style Setting","options":[{"value":"dropdown","label":"Dropdown"},{"value":"sidebar","label":"Right Sidebar"}]},{"type":"text","id":"title_about","label":"Title About"},{"type":"richtext","id":"des_about","label":"Description About Sidebar"},{"type":"checkbox","id":"enable_socical_bar","label":"Enable Social"},{"type":"header","content":"Notification"},{"type":"checkbox","id":"show_announcement","label":"Show notification","default":true},{"type":"checkbox","id":"home_page_only","label":"Home page only","default":true},{"type":"text","id":"noti_cookie","label":"Notification Time Cookie","default":"1","info":"Time to popup show again (Minutes)"},{"type":"textarea","id":"announcement_icon","label":"Icon","info":"Icon class font http:\/\/fontawesome.io\/icons\/ "},{"type":"textarea","id":"announcement_text","label":"notification text","default":"Announce something here"},{"type":"text","id":"announcement_link_text","label":"notification Link name","default":"shop now"},{"type":"url","id":"announcement_link","label":"notification link","info":"Optional"},{"type":"color","id":"announcement_color_bg","label":"Bar","default":"#7796A8"},{"type":"color","id":"announcement_color_text","label":"Text","default":"#fff"},{"type":"color","id":"announcement_color_text_hover","label":"Hover Link","default":"#222"},{"type":"color","id":"bg_noti","label":"Background code","default":"#222222"},{"type":"color","id":"color_noti","label":"Color code","default":"#ffffff"}]},{"name":"Banner Right Slide","settings":[{"type":"header","content":"--- * Banner Right * ---"},{"type":"header","content":"--- * Banner 1 * ---"},{"type":"image_picker","id":"image_banner1","label":"Image"},{"type":"text","id":"height_banner_1","label":"Height Banner 1","default":"410"},{"type":"color","id":"bg_content","label":"Background Color Content","default":"#FFFFFF"},{"type":"select","id":"text-align_banner","label":"Text Aligerment","default":"left","options":[{"label":"Center","value":"center"},{"label":"Left","value":"left"},{"label":"Right","value":"right"}]},{"type":"url","id":"link","label":"Link","info":"Optional"},{"type":"text","id":"cta_label","label":"Caption"},{"type":"color","id":"color","label":"Color Title","default":"#222222"},{"type":"text","id":"sub_cta","label":"Caption"},{"type":"color","id":"color_sub","label":"Sub Color Title","default":"#999999"},{"type":"header","content":"--- * Banner 2 * ---"},{"type":"image_picker","id":"image_banner2","label":"Image"},{"type":"text","id":"height_banner_2","label":"Height Banner 2","default":"260"},{"type":"color","id":"bg_content2","label":"Background Color Content 2","default":"#FFFFFF"},{"type":"select","id":"text-align_banner_2","label":"Text Aligerment 2","default":"left","options":[{"label":"Center","value":"center"},{"label":"Left","value":"left"},{"label":"Right","value":"right"}]},{"type":"url","id":"link_2","label":"Link2","info":"Optional 2"},{"type":"text","id":"cta_label_2","label":"Caption2"},{"type":"color","id":"color_2","label":"Color Title 2","default":"#222222"},{"type":"text","id":"sub_cta_2","label":"Caption2"},{"type":"color","id":"color_sub_2","label":"Sub Color Title 2","default":"#999999"},{"type":"header","content":"--- * Banner 3 * ---"},{"type":"image_picker","id":"image_banner3","label":"Image"},{"type":"text","id":"height_banner_3","label":"Height Banner 3","default":"260"},{"type":"color","id":"bg_content3","label":"Background Color Content 3","default":"#FFFFFF"},{"type":"select","id":"text-align_banner_3","label":"Text Aligerment 3","default":"left","options":[{"label":"Center","value":"center"},{"label":"Left","value":"left"},{"label":"Right","value":"right"}]},{"type":"url","id":"link_3","label":"Link 3","info":"Optional 3"},{"type":"text","id":"cta_label_3","label":"Caption 3"},{"type":"color","id":"color_3","label":"Color Title 3","default":"#222222"},{"type":"text","id":"sub_cta_3","label":"Caption 3"},{"type":"color","id":"color_sub_3","label":"Sub Color Title 3","default":"#999999"},{"type":"header","content":"--- * Banner 4 * ---"},{"type":"image_picker","id":"image_banner4","label":"Image"},{"type":"text","id":"height_banner_4","label":"Height Banner 4","default":"260"},{"type":"color","id":"bg_content4","label":"Background Color Content 4","default":"#FFFFFF"},{"type":"select","id":"text-align_banner_4","label":"Text Aligerment 4","default":"left","options":[{"label":"Center","value":"center"},{"label":"Left","value":"left"},{"label":"Right","value":"right"}]},{"type":"url","id":"link_4","label":"Link 4","info":"Optional 4"},{"type":"text","id":"cta_label_4","label":"Caption 4"},{"type":"color","id":"color_4","label":"Color Title 4","default":"#222222"},{"type":"text","id":"sub_cta_4","label":"Caption 4"},{"type":"color","id":"color_sub_4","label":"Sub Color Title 4","default":"#999999"}]},{"name":"Footer","settings":[{"type":"textarea","id":"custom_space","label":"Css Style Section","default":"padding-top:100px;padding-bottom:100px"},{"type":"radio","id":"set_box","label":"Set Layout Section","options":[{"value":"box-container","label":"Box Container"},{"value":"box-full","label":"Box Full"},{"value":"none","label":"None"}],"default":"box-full","info":"Set Layout Section"},{"type":"checkbox","id":"enable_parallax","label":"Enable footer scrolling parallax effect"},{"type":"checkbox","id":"enable_border_top","label":"Border Top"},{"type":"image_picker","id":"img_footer","label":"Background Image Footer"},{"type":"color","id":"bg_section","label":"Background Color Footer ","default":"#ffffff"},{"type":"color","id":"border-color","label":"Border Color Bottom","default":"#333"},{"type":"color","id":"color_title_footer","label":"Color Title","default":"#222"},{"type":"color","id":"color_text_footer","label":"Color Text","default":"#777"},{"type":"color","id":"color_text_footer_hover","label":"Color Text Hover","default":"#fff"},{"type":"header","content":"=== Select Multiple Footer"},{"type":"select","id":"footer-template-layout","label":"Layout Footer","default":"footer-1","options":[{"value":"footer-1","label":"Footer Style 1"},{"value":"footer-2","label":"Footer Style 2"},{"value":"footer-3","label":"Footer Style 3"},{"value":"footer-4","label":"Footer Style 4 -3 Columns"},{"value":"footer-5","label":"Footer Style 5 Creative"},{"value":"footer-6","label":"Footer Style 6 Minimal"},{"value":"footer-7","label":"Footer Style 7"}],"info":"Select template Footer"},{"type":"header","content":"------ * Footer 5 * ------"},{"type":"select","id":"layout","label":"Layout","default":"left","options":[{"value":"left","label":"Block About on left"},{"value":"right","label":"Block About on right"}]},{"type":"image_picker","id":"logo_footer","label":"Logo image","info":" Logo footer for footer 5, footer 6, footer 7"},{"type":"text","id":"logo_max_width_footer","label":"Custom logo width (in pixels)","default":"98"},{"type":"text","id":"title_aboutus_footer","label":"Title About Footer"},{"type":"textarea","id":"des_about_footer","label":"Description About Footer"},{"type":"textarea","id":"support_call","label":"Support Call"},{"type":"color","id":"color_text","label":"Color Text","default":"#c0c0c0"},{"type":"color","id":"bg_newletter_left","label":"Background Newletter Left","default":"#e5f7f7"},{"type":"color","id":"bg_about_right","label":"Background About Right","default":"#faebe8"},{"type":"header","content":"Newsletter"},{"type":"checkbox","id":"homepage_newsletter_enable","label":"Show Newsletter Field"},{"type":"color","id":"color_icon_new","label":"Color Icon","default":"#555555"},{"type":"text","id":"homepage_newsletter_title","label":"Newsletter Title"},{"type":"textarea","id":"homepage_newsletter_des","label":"Newsletter Description"},{"type":"text","id":"homepage_newsletter_sub","label":"Newsletter Notification"},{"type":"text","id":"newsletter_form_action","label":"MailChimp Form Action URL","info":"[Where do I find my MailChimp form action URL?](http:\/\/docs.shopify.com\/support\/configuration\/store-customization\/where-do-i-get-my-mailchimp-form-action)"},{"type":"header","content":"Block Links Footer"},{"type":"checkbox","id":"footer_quicklinks_enable","label":"1st Show quick links"},{"type":"text","id":"footer_quicklinks_title","label":"1st Quick links link title"},{"type":"link_list","id":"footer_quicklinks_linklist","label":"1st Quick links link list"},{"type":"checkbox","id":"footer_quicklinks_enable_1","label":"2st Show quick links"},{"type":"text","id":"footer_quicklinks_title_1","label":"2st Quick links link title"},{"type":"link_list","id":"footer_quicklinks_linklist_1","label":"2st Quick links link list"},{"type":"checkbox","id":"footer_quicklinks_enable_2","label":"3st Show quick links"},{"type":"text","id":"footer_quicklinks_title_2","label":"3st Quick links link title"},{"type":"link_list","id":"footer_quicklinks_linklist_2","label":"3st Quick links link list"},{"type":"checkbox","id":"footer_quicklinks_enable_3","label":"4st Show quick links"},{"type":"text","id":"footer_quicklinks_title_3","label":"4st Quick links link title"},{"type":"link_list","id":"footer_quicklinks_linklist_3","label":"4st Quick links link list"},{"type":"header","content":"Block Social"},{"type":"checkbox","id":"footer_social_enable","label":"Show social media links"},{"type":"text","id":"footer_social_title","label":"Social media title"},{"type":"text","id":"footer_social_facebook_link","label":"Facebook link"},{"type":"text","id":"footer_social_twitter_link","label":"Twitter link"},{"type":"text","id":"footer_social_instagram_link","label":"Instagram link"},{"type":"text","id":"footer_social_pinterest_link","label":"Pinterest link"},{"type":"text","id":"footer_social_rss_link","label":"Rss link"},{"type":"text","id":"footer_social_youtube_link","label":"Youtube link"},{"type":"text","id":"footer_social_googleplus_link","label":"Google Plus link"}]},{"name":"Cookie Law","settings":[{"type":"paragraph","content":"The Cookie Law is a piece of privacy legislation that requires websites to get consent from visitors to store or retrieve any information on a computer, smartphone or tablet."},{"type":"checkbox","id":"lawcookie","label":"Show cookie law","default":true},{"type":"textarea","id":"cookielawinfor","label":"Infor cookie law"},{"type":"url","id":"link_btn_infor_cookie","label":"Info more cookie law"},{"type":"color","id":"cookie_bg","label":"Color background cookie law","default":"#000000"},{"type":"color","id":"cookie_text","label":"Color text cookie law ","default":"#FFFFFF"}]},{"name":"Product Item Config","settings":[{"type":"header","content":"=== * Product Item Config * ==="},{"type":"radio","id":"style_grid_item","label":"Select Style Product Grid Item","options":[{"value":"style_1","label":"Item Default"},{"value":"style_2","label":"Item Variants"},{"value":"style_3","label":"Item Overlay No Button"},{"value":"style_4","label":"Item Style Trend"},{"value":"style_5","label":"Item Style Trend Center"},{"value":"style_6","label":"Item Style Vendor"},{"value":"style_7","label":"Item Overlay"},{"value":"style_8","label":"Item Larger Button"}]},{"type":"checkbox","id":"ap_collection_swatch_item","label":"Enable swatch","default":false},{"type":"checkbox","id":"theme_quickview_enable","label":"Enable Quickview","default":false},{"type":"checkbox","id":"theme_quickview_swatch","default":false,"label":"Use Swatch Variants for Quickview","info":"You must use swatch for your products. If you do not use, please disable"},{"type":"checkbox","id":"enable_image_qv","label":"Enable Quickview Image Swatch","default":false},{"type":"select","id":"style_swatch","label":"Style Swatch","options":[{"value":"circle","label":"Circle"},{"value":"square","label":"Square"}],"default":"circle"},{"type":"checkbox","id":"show_reviews_detail","label":"Enable Review","default":true},{"type":"checkbox","id":"show-reviewhome","label":"Enable Review Product Grid View","default":false},{"type":"checkbox","id":"theme_compare_enable","label":"Enable Compare"},{"type":"select","id":"theme_more_pimages_option","label":"Show More Type","options":[{"value":"showone","label":"Hover change Image"},{"value":"class","label":"Image Default"}]},{"type":"checkbox","id":"theme_wishlist_enable","label":"Enable Wishlist"},{"type":"radio","id":"wishlist_nologin","label":"Select Wishlist","options":[{"value":"yes","label":"Favorite list Without account"},{"value":"no","label":"Favorite list Acount"}]},{"type":"page","id":"theme_wishlist_page","label":"Wishlist Page","info":"Choose wishlist page. Goto Pages and Add a page for wishlist. You must select templates \"page.wishlist\"."}]},{"name":"Ajax Search","settings":[{"type":"header","content":"Ajax Search"},{"type":"checkbox","id":"ajaxsearch_enable","label":"Enable"},{"type":"text","id":"ajaxsearch_maxresult","label":"Max search result","default":"5"},{"type":"text","id":"limit_collection","label":"Show Collections","default":"7"},{"type":"header","content":"Collection Popular"},{"type":"checkbox","id":"enable_collection_popular","label":"Enable Collection Popular","default":true},{"type":"text","id":"title_popular","label":"Title Block","default":"Collection Popular"},{"type":"header","content":"List Product"},{"type":"text","id":"title_popular_1","label":"Title Block Product 1","default":"Products Popular"},{"type":"collection","id":"search_product_collection_1","label":"Select Collection"},{"type":"text","id":"title_popular_2","label":"Title Block Product 2","default":"Trend 2018"},{"type":"collection","id":"search_product_collection_2","label":"Select Collection"}]},{"name":"Apollo Megamenu","settings":[{"type":"header","content":"General Setting"},{"type":"checkbox","id":"apollo_megamenu_enable","label":"Enable Megamenu"},{"type":"link_list","id":"mainmenu","label":"Main Menu"},{"type":"header","content":"Color"},{"type":"color","id":"apollo_megamenu_bgcolor","label":"Background Color","default":"#FFFFFF"},{"type":"color","id":"apollo_megamenu_bgoutcolor","label":"Background Outsite Color","default":"#ffffff"},{"type":"color","id":"apollo_megamenu_textcolor","label":"Menu Text Color","default":"#000000"},{"type":"color","id":"apollo_megamenu_linkcolor","label":"Menu Link Color","default":"#000000"},{"type":"color","id":"apollo_megamenu_linkhovercolor","label":"Menu Link Hover Color","default":"#666666"},{"type":"color","id":"apollo_megamenu_linkhoverbgcolor","label":"Menu Link Hover Background Color"},{"type":"color","id":"apollo_megamenu_bgsub","label":"Sub-menu dropdown bg","default":"#FFFFFF"},{"type":"color","id":"apollo_megamenu_textcolorsub","label":"Sub-menu Text Color","default":"#666666"},{"type":"color","id":"apollo_megamenu_linkcolorsub","label":"Sub-menu Link Color","default":"#666666"},{"type":"color","id":"apollo_megamenu_linkhoversub","label":"Sub-menu Link Hover Color","default":"#FFFFFF"},{"type":"text","id":"apollo_megamenu_fontsize","label":"Font Size","default":"14px"},{"type":"text","id":"apollo_megamenu_fontsizesub","label":"Sub-menu Font Size","default":"13px"},{"type":"header","content":"LABEL MENU"},{"type":"color","id":"color_label_menu","label":"Text color label"},{"type":"header","content":"Label menu 1"},{"type":"text","id":"title_submenu_1","label":"title Menu for label 1"},{"type":"text","id":"id_submenu_label_1","label":"Label Menu 1"},{"type":"color","id":"stye_label_1","label":"Background Color"},{"type":"header","content":"Label menu 2"},{"type":"text","id":"title_submenu_2","label":"title Menu for label 2"},{"type":"text","id":"id_submenu_label_2","label":"Label Menu 2"},{"type":"color","id":"stye_label_2","label":"Background Color"},{"type":"header","content":"Label menu 3"},{"type":"text","id":"title_submenu_3","label":"title Menu for label 3"},{"type":"text","id":"id_submenu_label_3","label":"Label Menu 3"},{"type":"color","id":"stye_label_3","label":"Background Color"},{"type":"header","content":"Label menu 4"},{"type":"text","id":"title_submenu_4","label":"title Menu for label 4"},{"type":"text","id":"id_submenu_label_4","label":"Label Menu 4"},{"type":"color","id":"stye_label_4","label":"Background Color"},{"type":"header","content":"Label menu 5"},{"type":"text","id":"title_submenu_5","label":"title Menu for label 5"},{"type":"text","id":"id_submenu_label_5","label":"Label Menu 5"},{"type":"color","id":"stye_label_5","label":"Background Color"},{"type":"header","content":"1ST MEGAMENU ITEM"},{"type":"checkbox","id":"apmenuitem_enable_1","label":"1st Enable megamenu item"},{"type":"text","id":"apmenuitem_title_1","label":"1st Menu item","info":"(*) Enter \"Link Name\" of \"Navigation \/ Main Menu\"."},{"type":"checkbox","id":"apmenuitem_fullwidth_1","label":"1st Megamenu item fullwidth"},{"type":"text","id":"apmenuitem_width_1","label":"1st Megamenu item width","info":"Used pixcel (eg: 1000px). Leave empty if selected fullwidth."},{"type":"checkbox","id":"apbgimage_enable_1","label":"Background enable"},{"type":"image","id":"apmenuitem_bg_image_1.jpg","label":"1st Megamenu  Background Image"},{"type":"header","content":"Menu block links"},{"type":"checkbox","id":"apmenuitem_eblocklinks_1","label":"Enable\/Disable"},{"type":"select","id":"apmenuitem_columns_blocklinks_1","label":"Width of the block links than megamenu","options":[{"value":"1","label":"1\/12 (8.33%)"},{"value":"2","label":"2\/12 (16.67%)"},{"value":"3","label":"3\/12 (25.00%)"},{"value":"4","label":"4\/12 (33.33%)"},{"value":"5","label":"5\/12 (41.67%)"},{"value":"6","label":"6\/12 (50.00%)"},{"value":"7","label":"7\/12 (58.33%)"},{"value":"8","label":"8\/12 (66.67%)"},{"value":"9","label":"9\/12 (75.00%)"},{"value":"10","label":"10\/12 (83.33%)"},{"value":"11","label":"11\/12 (91.67%)"},{"value":"12","label":"12\/12 (100.00%)"}],"info":"Width of the block links in a row of megamenu"},{"type":"select","id":"apmenuitem_columns_1","label":"Width of the links than block links","options":[{"value":"1","label":"1\/12 (8.33%)"},{"value":"2","label":"2\/12 (16.67%)"},{"value":"3","label":"3\/12 (25.00%)"},{"value":"4","label":"4\/12 (33.33%)"},{"value":"5","label":"5\/12 (41.67%)"},{"value":"6","label":"6\/12 (50.00%)"},{"value":"7","label":"7\/12 (58.33%)"},{"value":"8","label":"8\/12 (66.67%)"},{"value":"9","label":"9\/12 (75.00%)"},{"value":"10","label":"10\/12 (83.33%)"},{"value":"11","label":"11\/12 (91.67%)"},{"value":"12","label":"12\/12 (100.00%)"}],"info":"Width of the links(Navigation->Menu) than block links"},{"type":"header","content":"Image Block Links"},{"type":"checkbox","id":"apmenuitem_img_blocklinks_enable_1","label":"Enable Image Blocklinks","default":false},{"type":"image","id":"apmenuitem_img_blocklinks_1_1","label":"Image blocklinks 1"},{"type":"image","id":"apmenuitem_img_blocklinks_1_2","label":"Image blocklinks 2"},{"type":"image","id":"apmenuitem_img_blocklinks_1_3","label":"Image blocklinks 3"},{"type":"image","id":"apmenuitem_img_blocklinks_1_4","label":"Image blocklinks 4"},{"type":"image","id":"apmenuitem_img_blocklinks_1_5","label":"Image blocklinks 5"},{"type":"header","content":"Menu block video"},{"type":"checkbox","id":"apmenuitem_evideo_1","label":"Enable\/Disable"},{"type":"select","id":"apmenuitem_columns_blockvideo_1","label":"Width of the block video than megamenu","options":[{"value":"1","label":"1\/12 (8.33%)"},{"value":"2","label":"2\/12 (16.67%)"},{"value":"3","label":"3\/12 (25.00%)"},{"value":"4","label":"4\/12 (33.33%)"},{"value":"5","label":"5\/12 (41.67%)"},{"value":"6","label":"6\/12 (50.00%)"},{"value":"7","label":"7\/12 (58.33%)"},{"value":"8","label":"8\/12 (66.67%)"},{"value":"9","label":"9\/12 (75.00%)"},{"value":"10","label":"10\/12 (83.33%)"},{"value":"11","label":"11\/12 (91.67%)"},{"value":"12","label":"12\/12 (100.00%)"}],"info":"Width of the block video in a row of megamenu"},{"type":"textarea","id":"apmenuitem_cvideo_1","label":"Code video content","info":"Copy Video CODE from youtube, vimeo and put here"},{"type":"header","content":"Menu block products"},{"type":"checkbox","id":"apmenuitem_eproduct_1","label":"Enable\/Disable"},{"type":"select","id":"apmenuitem_columns_blockproducts_1","label":"Width of the block products than megamenu","options":[{"value":"1","label":"1\/12 (8.33%)"},{"value":"2","label":"2\/12 (16.67%)"},{"value":"3","label":"3\/12 (25.00%)"},{"value":"4","label":"4\/12 (33.33%)"},{"value":"5","label":"5\/12 (41.67%)"},{"value":"6","label":"6\/12 (50.00%)"},{"value":"7","label":"7\/12 (58.33%)"},{"value":"8","label":"8\/12 (66.67%)"},{"value":"9","label":"9\/12 (75.00%)"},{"value":"10","label":"10\/12 (83.33%)"},{"value":"11","label":"11\/12 (91.67%)"},{"value":"12","label":"12\/12 (100.00%)"}],"info":"Width of the block products in a row of megamenu"},{"type":"text","id":"apmenuitem_tproduct_1","label":"Block products Title"},{"type":"collection","id":"apmenuitem_cproduct_1","label":"Block products Collection"},{"type":"text","id":"apmenuitem_nproduct_1","label":"The maximum number of products"},{"type":"header","content":"Menu block html"},{"type":"checkbox","id":"apmenuitem_ehtml_1","label":"Enable\/Disable"},{"type":"select","id":"apmenuitem_columns_blockhtml_1","label":"Width of the block html than megamenu","options":[{"value":"1","label":"1\/12 (8.33%)"},{"value":"2","label":"2\/12 (16.67%)"},{"value":"3","label":"3\/12 (25.00%)"},{"value":"4","label":"4\/12 (33.33%)"},{"value":"5","label":"5\/12 (41.67%)"},{"value":"6","label":"6\/12 (50.00%)"},{"value":"7","label":"7\/12 (58.33%)"},{"value":"8","label":"8\/12 (66.67%)"},{"value":"9","label":"9\/12 (75.00%)"},{"value":"10","label":"10\/12 (83.33%)"},{"value":"11","label":"11\/12 (91.67%)"},{"value":"12","label":"12\/12 (100.00%)"}],"info":"Width of the block html in a row of megamenu"},{"type":"text","id":"apmenuitem_thtml_1","label":"Block html title"},{"type":"text","id":"apmenuitem_lchtml_1","label":"Link Html block"},{"type":"checkbox","id":"apmenuitem_eihtml_1","label":"Use image"},{"type":"image","id":"apmenuitem_ihtml_1.jpg","label":"Block html image","info":"Max size: 1170px x 500px"},{"type":"textarea","id":"apmenuitem_chtml_1","label":"Block html description"},{"type":"header","content":"2ND MEGAMENU ITEM"},{"type":"checkbox","id":"apmenuitem_enable_2","label":"2nd Enable megamenu item"},{"type":"text","id":"apmenuitem_title_2","label":"2nd Menu item","info":"(*) Enter \"Link Name\" of \"Navigation \/ Main Menu\"."},{"type":"checkbox","id":"apmenuitem_fullwidth_2","label":"2nd Megamenu item fullwidth"},{"type":"text","id":"apmenuitem_width_2","label":"2nd Megamenu item width","info":"Used pixcel (eg: 1000px). Leave empty if selected fullwidth."},{"type":"checkbox","id":"apbgimage_enable_2","label":"Background enable"},{"type":"image","id":"apmenuitem_bg_image_2.jpg","label":"2nd Megamenu  Background Image"},{"type":"header","content":"Menu block links"},{"type":"checkbox","id":"apmenuitem_eblocklinks_2","label":"Enable\/Disable"},{"type":"select","id":"apmenuitem_columns_blocklinks_2","label":"Width of the block links than megamenu","options":[{"value":"1","label":"1\/12 (8.33%)"},{"value":"2","label":"2\/12 (16.67%)"},{"value":"3","label":"3\/12 (25.00%)"},{"value":"4","label":"4\/12 (33.33%)"},{"value":"5","label":"5\/12 (41.67%)"},{"value":"6","label":"6\/12 (50.00%)"},{"value":"7","label":"7\/12 (58.33%)"},{"value":"8","label":"8\/12 (66.67%)"},{"value":"9","label":"9\/12 (75.00%)"},{"value":"10","label":"10\/12 (83.33%)"},{"value":"11","label":"11\/12 (91.67%)"},{"value":"12","label":"12\/12 (100.00%)"}],"info":"Width of the block links in a row of megamenu"},{"type":"select","id":"apmenuitem_columns_2","label":"Width of the links than block links","options":[{"value":"1","label":"1\/12 (8.33%)"},{"value":"2","label":"2\/12 (16.67%)"},{"value":"3","label":"3\/12 (25.00%)"},{"value":"4","label":"4\/12 (33.33%)"},{"value":"5","label":"5\/12 (41.67%)"},{"value":"6","label":"6\/12 (50.00%)"},{"value":"7","label":"7\/12 (58.33%)"},{"value":"8","label":"8\/12 (66.67%)"},{"value":"9","label":"9\/12 (75.00%)"},{"value":"10","label":"10\/12 (83.33%)"},{"value":"11","label":"11\/12 (91.67%)"},{"value":"12","label":"12\/12 (100.00%)"}],"info":"Width of the links(Navigation->Menu) than block links"},{"type":"header","content":"Image Block Links"},{"type":"checkbox","id":"apmenuitem_img_blocklinks_enable_2","label":"Enable Image Blocklinks","default":false},{"type":"image","id":"apmenuitem_img_blocklinks_2_1","label":"Image blocklinks 1"},{"type":"image","id":"apmenuitem_img_blocklinks_2_2","label":"Image blocklinks 2"},{"type":"image","id":"apmenuitem_img_blocklinks_2_3","label":"Image blocklinks 3"},{"type":"image","id":"apmenuitem_img_blocklinks_2_4","label":"Image blocklinks 4"},{"type":"image","id":"apmenuitem_img_blocklinks_2_5","label":"Image blocklinks 5"},{"type":"header","content":"Menu block video"},{"type":"checkbox","id":"apmenuitem_evideo_2","label":"Enable\/Disable"},{"type":"select","id":"apmenuitem_columns_blockvideo_2","label":"Width of the block video than megamenu","options":[{"value":"1","label":"1\/12 (8.33%)"},{"value":"2","label":"2\/12 (16.67%)"},{"value":"3","label":"3\/12 (25.00%)"},{"value":"4","label":"4\/12 (33.33%)"},{"value":"5","label":"5\/12 (41.67%)"},{"value":"6","label":"6\/12 (50.00%)"},{"value":"7","label":"7\/12 (58.33%)"},{"value":"8","label":"8\/12 (66.67%)"},{"value":"9","label":"9\/12 (75.00%)"},{"value":"10","label":"10\/12 (83.33%)"},{"value":"11","label":"11\/12 (91.67%)"},{"value":"12","label":"12\/12 (100.00%)"}],"info":"Width of the block video in a row of megamenu"},{"type":"textarea","id":"apmenuitem_cvideo_2","label":"Code video content","info":"Copy Video CODE from youtube, vimeo and put here"},{"type":"header","content":"Menu block products"},{"type":"checkbox","id":"apmenuitem_eproduct_2","label":"Enable\/Disable"},{"type":"select","id":"apmenuitem_columns_blockproducts_2","label":"Width of the block products than megamenu","options":[{"value":"1","label":"1\/12 (8.33%)"},{"value":"2","label":"2\/12 (16.67%)"},{"value":"3","label":"3\/12 (25.00%)"},{"value":"4","label":"4\/12 (33.33%)"},{"value":"5","label":"5\/12 (41.67%)"},{"value":"6","label":"6\/12 (50.00%)"},{"value":"7","label":"7\/12 (58.33%)"},{"value":"8","label":"8\/12 (66.67%)"},{"value":"9","label":"9\/12 (75.00%)"},{"value":"10","label":"10\/12 (83.33%)"},{"value":"11","label":"11\/12 (91.67%)"},{"value":"12","label":"12\/12 (100.00%)"}],"info":"Width of the block products in a row of megamenu"},{"type":"text","id":"apmenuitem_tproduct_2","label":"Block products Title"},{"type":"collection","id":"apmenuitem_cproduct_2","label":"Block products Collection"},{"type":"text","id":"apmenuitem_nproduct_2","label":"The maximum number of products"},{"type":"header","content":"Menu block html"},{"type":"checkbox","id":"apmenuitem_ehtml_2","label":"Enable\/Disable"},{"type":"select","id":"apmenuitem_columns_blockhtml_2","label":"Width of the block html than megamenu","options":[{"value":"1","label":"1\/12 (8.33%)"},{"value":"2","label":"2\/12 (16.67%)"},{"value":"3","label":"3\/12 (25.00%)"},{"value":"4","label":"4\/12 (33.33%)"},{"value":"5","label":"5\/12 (41.67%)"},{"value":"6","label":"6\/12 (50.00%)"},{"value":"7","label":"7\/12 (58.33%)"},{"value":"8","label":"8\/12 (66.67%)"},{"value":"9","label":"9\/12 (75.00%)"},{"value":"10","label":"10\/12 (83.33%)"},{"value":"11","label":"11\/12 (91.67%)"},{"value":"12","label":"12\/12 (100.00%)"}],"info":"Width of the block html in a row of megamenu"},{"type":"text","id":"apmenuitem_thtml_2","label":"Block html title"},{"type":"text","id":"apmenuitem_lchtml_2","label":"Link Html block"},{"type":"checkbox","id":"apmenuitem_eihtml_2","label":"Use image"},{"type":"image","id":"apmenuitem_ihtml_2.jpg","label":"Block html image","info":"Max size: 1170px x 500px"},{"type":"textarea","id":"apmenuitem_chtml_2","label":"Block html description"},{"type":"header","content":"3RD MEGAMENU ITEM"},{"type":"checkbox","id":"apmenuitem_enable_3","label":"3rd Enable megamenu item"},{"type":"text","id":"apmenuitem_title_3","label":"3rd Menu item","info":"(*) Enter \"Link Name\" of \"Navigation \/ Main Menu\" into Menu item 3 box"},{"type":"checkbox","id":"apmenuitem_fullwidth_3","label":"3rd Megamenu item fullwidth"},{"type":"text","id":"apmenuitem_width_3","label":"3rd Megamenu item width","info":"Used pixcel (eg: 1000px). Leave empty if selected fullwidth."},{"type":"checkbox","id":"apbgimage_enable_3","label":"Background enable"},{"type":"image","id":"apmenuitem_bg_image_3.jpg","label":"3th Megamenu  Background image"},{"type":"header","content":"Menu block links"},{"type":"checkbox","id":"apmenuitem_eblocklinks_3","label":"Enable\/Disable"},{"type":"select","id":"apmenuitem_columns_blocklinks_3","label":"Width of the block links than megamenu","options":[{"value":"1","label":"1\/12 (8.33%)"},{"value":"2","label":"2\/12 (16.67%)"},{"value":"3","label":"3\/12 (25.00%)"},{"value":"4","label":"4\/12 (33.33%)"},{"value":"5","label":"5\/12 (41.67%)"},{"value":"6","label":"6\/12 (50.00%)"},{"value":"7","label":"7\/12 (58.33%)"},{"value":"8","label":"8\/12 (66.67%)"},{"value":"9","label":"9\/12 (75.00%)"},{"value":"10","label":"10\/12 (83.33%)"},{"value":"11","label":"11\/12 (91.67%)"},{"value":"12","label":"12\/12 (100.00%)"}],"info":"Width of the block links in a row of megamenu"},{"type":"select","id":"apmenuitem_columns_3","label":"Width of the links than block links","options":[{"value":"1","label":"1\/12 (8.33%)"},{"value":"2","label":"2\/12 (16.67%)"},{"value":"3","label":"3\/12 (25.00%)"},{"value":"4","label":"4\/12 (33.33%)"},{"value":"5","label":"5\/12 (41.67%)"},{"value":"6","label":"6\/12 (50.00%)"},{"value":"7","label":"7\/12 (58.33%)"},{"value":"8","label":"8\/12 (66.67%)"},{"value":"9","label":"9\/12 (75.00%)"},{"value":"10","label":"10\/12 (83.33%)"},{"value":"11","label":"11\/12 (91.67%)"},{"value":"12","label":"12\/12 (100.00%)"}],"info":"Width of the links(Navigation->Menu) than block links"},{"type":"header","content":"Image Block Links"},{"type":"checkbox","id":"apmenuitem_img_blocklinks_enable_3","label":"Enable Image Blocklinks","default":false},{"type":"image","id":"apmenuitem_img_blocklinks_3_1","label":"Image blocklinks 1"},{"type":"image","id":"apmenuitem_img_blocklinks_3_2","label":"Image blocklinks 2"},{"type":"image","id":"apmenuitem_img_blocklinks_3_3","label":"Image blocklinks 3"},{"type":"image","id":"apmenuitem_img_blocklinks_3_4","label":"Image blocklinks 4"},{"type":"image","id":"apmenuitem_img_blocklinks_3_5","label":"Image blocklinks 5"},{"type":"header","content":"Menu block video"},{"type":"checkbox","id":"apmenuitem_evideo_3","label":"Enable\/Disable"},{"type":"select","id":"apmenuitem_columns_blockvideo_3","label":"Width of the block video than megamenu","options":[{"value":"1","label":"1\/12 (8.33%)"},{"value":"2","label":"2\/12 (16.67%)"},{"value":"3","label":"3\/12 (25.00%)"},{"value":"4","label":"4\/12 (33.33%)"},{"value":"5","label":"5\/12 (41.67%)"},{"value":"6","label":"6\/12 (50.00%)"},{"value":"7","label":"7\/12 (58.33%)"},{"value":"8","label":"8\/12 (66.67%)"},{"value":"9","label":"9\/12 (75.00%)"},{"value":"10","label":"10\/12 (83.33%)"},{"value":"11","label":"11\/12 (91.67%)"},{"value":"12","label":"12\/12 (100.00%)"}],"info":"Width of the block video in a row of megamenu"},{"type":"textarea","id":"apmenuitem_cvideo_3","label":"Megamenu video content 3","info":"Code video content"},{"type":"header","content":"Menu block products"},{"type":"checkbox","id":"apmenuitem_eproduct_3","label":"Enable\/Disable"},{"type":"select","id":"apmenuitem_columns_blockproducts_3","label":"Width of the block products than megamenu","options":[{"value":"1","label":"1\/12 (8.33%)"},{"value":"2","label":"2\/12 (16.67%)"},{"value":"3","label":"3\/12 (25.00%)"},{"value":"4","label":"4\/12 (33.33%)"},{"value":"5","label":"5\/12 (41.67%)"},{"value":"6","label":"6\/12 (50.00%)"},{"value":"7","label":"7\/12 (58.33%)"},{"value":"8","label":"8\/12 (66.67%)"},{"value":"9","label":"9\/12 (75.00%)"},{"value":"10","label":"10\/12 (83.33%)"},{"value":"11","label":"11\/12 (91.67%)"},{"value":"12","label":"12\/12 (100.00%)"}],"info":"Width of the block products in a row of megamenu"},{"type":"text","id":"apmenuitem_tproduct_3","label":"Block products Title"},{"type":"collection","id":"apmenuitem_cproduct_3","label":"Block products Collection"},{"type":"text","id":"apmenuitem_nproduct_3","label":"The maximum number of products"},{"type":"header","content":"Menu block html"},{"type":"checkbox","id":"apmenuitem_ehtml_3","label":"Enable\/Disable"},{"type":"select","id":"apmenuitem_columns_blockhtml_3","label":"Width of the block html than megamenu","options":[{"value":"1","label":"1\/12 (8.33%)"},{"value":"2","label":"2\/12 (16.67%)"},{"value":"3","label":"3\/12 (25.00%)"},{"value":"4","label":"4\/12 (33.33%)"},{"value":"5","label":"5\/12 (41.67%)"},{"value":"6","label":"6\/12 (50.00%)"},{"value":"7","label":"7\/12 (58.33%)"},{"value":"8","label":"8\/12 (66.67%)"},{"value":"9","label":"9\/12 (75.00%)"},{"value":"10","label":"10\/12 (83.33%)"},{"value":"11","label":"11\/12 (91.67%)"},{"value":"12","label":"12\/12 (100.00%)"}],"info":"Width of the block html in a row of megamenu"},{"type":"text","id":"apmenuitem_thtml_3","label":"Block html title"},{"type":"text","id":"apmenuitem_lchtml_3","label":"Link Html block"},{"type":"checkbox","id":"apmenuitem_eihtml_3","label":"Use image"},{"type":"image","id":"apmenuitem_ihtml_3.jpg","label":"Block html image","info":"Max size: 1170px x 500px"},{"type":"textarea","id":"apmenuitem_chtml_3","label":"Block html description"},{"type":"header","content":"4TH MEGAMENU ITEM"},{"type":"checkbox","id":"apmenuitem_enable_4","label":"4th Enable megamenu item"},{"type":"text","id":"apmenuitem_title_4","label":"4th Menu item","info":"(*) Enter \"Link Name\" of \"Navigation \/ Main Menu\" into Menu item 4 box"},{"type":"checkbox","id":"apmenuitem_fullwidth_4","label":"4th Megamenu item fullwidth"},{"type":"text","id":"apmenuitem_width_4","label":"4th Megamenu item width","info":"Used pixcel (eg: 1000px). Leave empty if selected fullwidth."},{"type":"checkbox","id":"apbgimage_enable_4","label":"Background enable"},{"type":"image","id":"apmenuitem_bg_image_4.jpg","label":"4th Megamenu  Background Image"},{"type":"header","content":"Menu block links"},{"type":"checkbox","id":"apmenuitem_eblocklinks_4","label":"Megamenu blocklinks enable 4"},{"type":"select","id":"apmenuitem_columns_blocklinks_4","label":"Width of the block links than megamenu","options":[{"value":"1","label":"1\/12 (8.33%)"},{"value":"2","label":"2\/12 (16.67%)"},{"value":"3","label":"3\/12 (25.00%)"},{"value":"4","label":"4\/12 (33.33%)"},{"value":"5","label":"5\/12 (41.67%)"},{"value":"6","label":"6\/12 (50.00%)"},{"value":"7","label":"7\/12 (58.33%)"},{"value":"8","label":"8\/12 (66.67%)"},{"value":"9","label":"9\/12 (75.00%)"},{"value":"10","label":"10\/12 (83.33%)"},{"value":"11","label":"11\/12 (91.67%)"},{"value":"12","label":"12\/12 (100.00%)"}],"info":"Width of the block links in a row of megamenu"},{"type":"select","id":"apmenuitem_columns_4","label":"Width of the links than block links","options":[{"value":"1","label":"1\/12 (8.33%)"},{"value":"2","label":"2\/12 (16.67%)"},{"value":"3","label":"3\/12 (25.00%)"},{"value":"4","label":"4\/12 (33.33%)"},{"value":"5","label":"5\/12 (41.67%)"},{"value":"6","label":"6\/12 (50.00%)"},{"value":"7","label":"7\/12 (58.33%)"},{"value":"8","label":"8\/12 (66.67%)"},{"value":"9","label":"9\/12 (75.00%)"},{"value":"10","label":"10\/12 (83.33%)"},{"value":"11","label":"11\/12 (91.67%)"},{"value":"12","label":"12\/12 (100.00%)"}],"info":"Width of the links(Navigation->Menu) than block links"},{"type":"header","content":"Image Block Links"},{"type":"checkbox","id":"apmenuitem_img_blocklinks_enable_4","label":"Enable Image Blocklinks","default":false},{"type":"image","id":"apmenuitem_img_blocklinks_4_1","label":"Image blocklinks 1"},{"type":"image","id":"apmenuitem_img_blocklinks_4_2","label":"Image blocklinks 2"},{"type":"image","id":"apmenuitem_img_blocklinks_4_3","label":"Image blocklinks 3"},{"type":"image","id":"apmenuitem_img_blocklinks_4_4","label":"Image blocklinks 4"},{"type":"image","id":"apmenuitem_img_blocklinks_4_5","label":"Image blocklinks 5"},{"type":"header","content":"Menu block video"},{"type":"checkbox","id":"apmenuitem_evideo_4","label":"Enable\/Disable"},{"type":"select","id":"apmenuitem_columns_blockvideo_4","label":"Width of the block video than megamenu","options":[{"value":"1","label":"1\/12 (8.33%)"},{"value":"2","label":"2\/12 (16.67%)"},{"value":"3","label":"3\/12 (25.00%)"},{"value":"4","label":"4\/12 (33.33%)"},{"value":"5","label":"5\/12 (41.67%)"},{"value":"6","label":"6\/12 (50.00%)"},{"value":"7","label":"7\/12 (58.33%)"},{"value":"8","label":"8\/12 (66.67%)"},{"value":"9","label":"9\/12 (75.00%)"},{"value":"10","label":"10\/12 (83.33%)"},{"value":"11","label":"11\/12 (91.67%)"},{"value":"12","label":"12\/12 (100.00%)"}],"info":"Width of the block video in a row of megamenu"},{"type":"textarea","id":"apmenuitem_cvideo_4","label":"Code video content","info":"Copy Video CODE from youtube, vimeo and put here"},{"type":"header","content":"Menu block products"},{"type":"checkbox","id":"apmenuitem_eproduct_4","label":"Enable\/Disable"},{"type":"select","id":"apmenuitem_columns_blockproducts_4","label":"Width of the block products than megamenu","options":[{"value":"1","label":"1\/12 (8.33%)"},{"value":"2","label":"2\/12 (16.67%)"},{"value":"3","label":"3\/12 (25.00%)"},{"value":"4","label":"4\/12 (33.33%)"},{"value":"5","label":"5\/12 (41.67%)"},{"value":"6","label":"6\/12 (50.00%)"},{"value":"7","label":"7\/12 (58.33%)"},{"value":"8","label":"8\/12 (66.67%)"},{"value":"9","label":"9\/12 (75.00%)"},{"value":"10","label":"10\/12 (83.33%)"},{"value":"11","label":"11\/12 (91.67%)"},{"value":"12","label":"12\/12 (100.00%)"}],"info":"Width of the block products in a row of megamenu"},{"type":"text","id":"apmenuitem_tproduct_4","label":"Block products Title"},{"type":"collection","id":"apmenuitem_cproduct_4","label":"Block products Collection"},{"type":"text","id":"apmenuitem_nproduct_4","label":"The maximum number of products"},{"type":"header","content":"Menu block html"},{"type":"checkbox","id":"apmenuitem_ehtml_4","label":"Enable\/Disable"},{"type":"select","id":"apmenuitem_columns_blockhtml_4","label":"Width of the block html than megamenu","options":[{"value":"1","label":"1\/12 (8.33%)"},{"value":"2","label":"2\/12 (16.67%)"},{"value":"3","label":"3\/12 (25.00%)"},{"value":"4","label":"4\/12 (33.33%)"},{"value":"5","label":"5\/12 (41.67%)"},{"value":"6","label":"6\/12 (50.00%)"},{"value":"7","label":"7\/12 (58.33%)"},{"value":"8","label":"8\/12 (66.67%)"},{"value":"9","label":"9\/12 (75.00%)"},{"value":"10","label":"10\/12 (83.33%)"},{"value":"11","label":"11\/12 (91.67%)"},{"value":"12","label":"12\/12 (100.00%)"}],"info":"Width of the block html in a row of megamenu"},{"type":"text","id":"apmenuitem_thtml_4","label":"Block html title"},{"type":"text","id":"apmenuitem_lchtml_4","label":"Link Html block"},{"type":"checkbox","id":"apmenuitem_eihtml_4","label":"Use image"},{"type":"image","id":"apmenuitem_ihtml_4.jpg","label":"Block html image","info":"Max size: 1170px x 500px"},{"type":"textarea","id":"apmenuitem_chtml_4","label":"Block html description"},{"type":"header","content":"5TH MEGAMENU ITEM"},{"type":"checkbox","id":"apmenuitem_enable_5","label":"5th Enable megamenu item"},{"type":"text","id":"apmenuitem_title_5","label":"5th Menu item","info":"(*) Enter \"Link Name\" of \"Navigation \/ Main Menu\" into Menu item 5 box"},{"type":"checkbox","id":"apmenuitem_fullwidth_5","label":"5th Megamenu item fullwidth"},{"type":"text","id":"apmenuitem_width_5","label":"5th Megamenu item width","info":"Used pixcel (eg: 1000px). Leave empty if selected fullwidth."},{"type":"checkbox","id":"apbgimage_enable_5","label":"Background enable"},{"type":"image","id":"apmenuitem_bg_image_5.jpg","label":"5th Megamenu  Background Image"},{"type":"header","content":"Menu block links"},{"type":"checkbox","id":"apmenuitem_eblocklinks_5","label":"Enable\/Disable"},{"type":"select","id":"apmenuitem_columns_blocklinks_5","label":"Width of the block links than megamenu","options":[{"value":"1","label":"1\/12 (8.33%)"},{"value":"2","label":"2\/12 (16.67%)"},{"value":"3","label":"3\/12 (25.00%)"},{"value":"4","label":"4\/12 (33.33%)"},{"value":"5","label":"5\/12 (41.67%)"},{"value":"6","label":"6\/12 (50.00%)"},{"value":"7","label":"7\/12 (58.33%)"},{"value":"8","label":"8\/12 (66.67%)"},{"value":"9","label":"9\/12 (75.00%)"},{"value":"10","label":"10\/12 (83.33%)"},{"value":"11","label":"11\/12 (91.67%)"},{"value":"12","label":"12\/12 (100.00%)"}],"info":"Width of the block links in a row of megamenu"},{"type":"select","id":"apmenuitem_columns_5","label":"Width of the links than block links","options":[{"value":"1","label":"1\/12 (8.33%)"},{"value":"2","label":"2\/12 (16.67%)"},{"value":"3","label":"3\/12 (25.00%)"},{"value":"4","label":"4\/12 (33.33%)"},{"value":"5","label":"5\/12 (41.67%)"},{"value":"6","label":"6\/12 (50.00%)"},{"value":"7","label":"7\/12 (58.33%)"},{"value":"8","label":"8\/12 (66.67%)"},{"value":"9","label":"9\/12 (75.00%)"},{"value":"10","label":"10\/12 (83.33%)"},{"value":"11","label":"11\/12 (91.67%)"},{"value":"12","label":"12\/12 (100.00%)"}],"info":"Width of the links(Navigation->Menu) than block links"},{"type":"header","content":"Image Block Links"},{"type":"checkbox","id":"apmenuitem_img_blocklinks_enable_5","label":"Enable Image Blocklinks","default":false},{"type":"image","id":"apmenuitem_img_blocklinks_5_1","label":"Image blocklinks 1"},{"type":"image","id":"apmenuitem_img_blocklinks_5_2","label":"Image blocklinks 2"},{"type":"image","id":"apmenuitem_img_blocklinks_5_3","label":"Image blocklinks 3"},{"type":"image","id":"apmenuitem_img_blocklinks_5_4","label":"Image blocklinks 4"},{"type":"image","id":"apmenuitem_img_blocklinks_5_5","label":"Image blocklinks 5"},{"type":"header","content":"Menu block video"},{"type":"checkbox","id":"apmenuitem_evideo_5","label":"Enable\/Disable"},{"type":"select","id":"apmenuitem_columns_blockvideo_5","label":"Width of the block video than megamenu","options":[{"value":"1","label":"1\/12 (8.33%)"},{"value":"2","label":"2\/12 (16.67%)"},{"value":"3","label":"3\/12 (25.00%)"},{"value":"4","label":"4\/12 (33.33%)"},{"value":"5","label":"5\/12 (41.67%)"},{"value":"6","label":"6\/12 (50.00%)"},{"value":"7","label":"7\/12 (58.33%)"},{"value":"8","label":"8\/12 (66.67%)"},{"value":"9","label":"9\/12 (75.00%)"},{"value":"10","label":"10\/12 (83.33%)"},{"value":"11","label":"11\/12 (91.67%)"},{"value":"12","label":"12\/12 (100.00%)"}],"info":"Width of the block video in a row of megamenu"},{"type":"textarea","id":"apmenuitem_cvideo_5","label":"Code video content","info":"Copy Video CODE from youtube, vimeo and put here"},{"type":"header","content":"Menu block products"},{"type":"checkbox","id":"apmenuitem_eproduct_5","label":"Enable\/Disable"},{"type":"select","id":"apmenuitem_columns_blockproducts_5","label":"Width of the block products than megamenu","options":[{"value":"1","label":"1\/12 (8.33%)"},{"value":"2","label":"2\/12 (16.67%)"},{"value":"3","label":"3\/12 (25.00%)"},{"value":"4","label":"4\/12 (33.33%)"},{"value":"5","label":"5\/12 (41.67%)"},{"value":"6","label":"6\/12 (50.00%)"},{"value":"7","label":"7\/12 (58.33%)"},{"value":"8","label":"8\/12 (66.67%)"},{"value":"9","label":"9\/12 (75.00%)"},{"value":"10","label":"10\/12 (83.33%)"},{"value":"11","label":"11\/12 (91.67%)"},{"value":"12","label":"12\/12 (100.00%)"}],"info":"Width of the block products in a row of megamenu"},{"type":"text","id":"apmenuitem_tproduct_5","label":"Block products Title"},{"type":"collection","id":"apmenuitem_cproduct_5","label":"MegamenuBlock products Collection"},{"type":"text","id":"apmenuitem_nproduct_5","label":"The maximum number of products"},{"type":"header","content":"Menu block html"},{"type":"checkbox","id":"apmenuitem_ehtml_5","label":"Enable\/Disable"},{"type":"select","id":"apmenuitem_columns_blockhtml_5","label":"Width of the block html than megamenu","options":[{"value":"1","label":"1\/12 (8.33%)"},{"value":"2","label":"2\/12 (16.67%)"},{"value":"3","label":"3\/12 (25.00%)"},{"value":"4","label":"4\/12 (33.33%)"},{"value":"5","label":"5\/12 (41.67%)"},{"value":"6","label":"6\/12 (50.00%)"},{"value":"7","label":"7\/12 (58.33%)"},{"value":"8","label":"8\/12 (66.67%)"},{"value":"9","label":"9\/12 (75.00%)"},{"value":"10","label":"10\/12 (83.33%)"},{"value":"11","label":"11\/12 (91.67%)"},{"value":"12","label":"12\/12 (100.00%)"}],"info":"Width of the block html in a row of megamenu"},{"type":"text","id":"apmenuitem_thtml_5","label":"Block html title"},{"type":"text","id":"apmenuitem_lchtml_5","label":"Link Html block"},{"type":"checkbox","id":"apmenuitem_eihtml_5","label":"Use image"},{"type":"image","id":"apmenuitem_ihtml_5.jpg","label":"Block html image","info":"Max size: 1170px x 500px"},{"type":"textarea","id":"apmenuitem_chtml_5","label":"Block html description"}]},{"name":"Cart","settings":[{"type":"header","content":"General Setting"},{"type":"checkbox","id":"apollo_cart_enable","label":"Enable Cart","default":true},{"type":"color","id":"bg_iconcart","label":"Background Icon cart","default":"#ff4850"},{"type":"color","id":"color_iconcart","label":"color Icon cart","default":"#ffffff"},{"type":"select","id":"apollo_cart_type","label":"Cart view display","default":"drawer","options":[{"value":"default","label":"default"},{"value":"drawer","label":"Drawer"}]},{"type":"checkbox","id":"apollo_cart_show_cart_hover","label":"Show Mini Card","default":true},{"type":"checkbox","id":"apollo_cart_number_product","label":"Count Number Product","default":true},{"type":"checkbox","id":"apollo_cart_total_price","label":"Totail Price","default":false},{"type":"header","content":"Drawer Setting"},{"type":"select","id":"apollo_cart_drawer_setting","label":"Cart view display","default":"right","options":[{"value":"left","label":"Left"},{"value":"right","label":"Right"}]},{"type":"header","content":"Free Ship"},{"type":"checkbox","id":"apollo_cart_free_ship","label":"Enable Free ship","default":true},{"type":"text","id":"apollo_cart_free_ship_total","label":"Free ship with total price","default":"100"}]},{"name":"Block Currencies","settings":[{"type":"checkbox","id":"show_multiple_currencies","label":"Allow shopper to see prices in his own currency?"},{"type":"paragraph","content":"Although you will be able to display prices on your store front in different currencies, Shopify will still process orders in your shop's currency."},{"type":"select","id":"currency_format","label":"Money format","options":[{"value":"money_format","label":"Without Currency, ex: $10.00"},{"value":"money_with_currency_format","label":"With Currency, ex: $10 CAD"}],"default":"money_format"},{"type":"text","id":"supported_currencies_1","label":"Currencies 1 you wish to support","default":"USD"},{"type":"image","id":"currencies_img_1.png","label":"Currencies 1 icon","max-width":16,"max-height":11,"info":"Size: 16px x 11px"},{"type":"text","id":"supported_currencies_2","label":"Currencies 2 you wish to support","default":"EUR"},{"type":"image","id":"currencies_img_2.png","label":"Currencies 2 icon","max-width":16,"max-height":11,"info":"Size: 16px x 11px"},{"type":"text","id":"supported_currencies_3","label":"Currencies 3 you wish to support","default":"AUD"},{"type":"image","id":"currencies_img_3.png","label":"Currencies 3 icon","max-width":16,"max-height":11,"info":"Size: 16px x 11px"},{"type":"text","id":"supported_currencies_4","label":"Currencies 4 you wish to support","default":"GBP"},{"type":"image","id":"currencies_img_4.png","label":"Currencies 4 icon","max-width":16,"max-height":11,"info":"Size: 16px x 11px"},{"type":"text","id":"supported_currencies_5","label":"Currencies 5 you wish to support","default":"JPY"},{"type":"image","id":"currencies_img_5.png","label":"Currencies 5 icon","max-width":16,"max-height":11,"info":"Size: 16px x 11px"},{"type":"paragraph","content":"Use the ISO 4217 3-letter currency code. Click [here](http:\/\/www.xe.com\/iso4217.php) for a complete list of currency codes. Example: USD."},{"type":"paragraph","content":"* For this functionality to work in your shop, you are required to edit your money formats as per [these instructions](http:\/\/wiki.shopify.com\/How_to_Show_Multiple_Currencies#Do_tell_where_the_money_is) (“Do tell where the money is”)."}]},{"name":"Sidebar","settings":[{"type":"checkbox","id":"on-off-sidebar","label":"Enable Sidebar Collection page","default":true},{"type":"checkbox","id":"sidebar_fixed","label":"Enable Sidebar Fixed Only Collection page"},{"type":"checkbox","id":"sidebar_detail_enable","label":"Enable Sidebar Product detail","info":"for detail products style1,style2,style3,style4"},{"type":"header","content":"Categories block"},{"type":"checkbox","id":"categories_block_enable","label":"Enable"},{"type":"text","id":"categories_block_title","label":"Categories block title"},{"type":"text","id":"categories_block_class","label":"Class","info":"You can input \"hidden-xs\" to hidden block on mobile"},{"type":"checkbox","id":"categories_block_productcount","label":"Show Quantity Product of Category"},{"type":"radio","id":"categories_block_style","label":"Show all \/ Only a few categories","options":[{"value":"show_all","label":"Show all"},{"value":"show_select","label":"Only a few categories"}]},{"type":"text","id":"categories_block_number","label":"Maximum categories","default":"10","info":"Set the maximum categories displayed in this block (If show all)"},{"type":"textarea","id":"categories_block_items","label":"List of categories","info":"Use \",\" to separate categories items if you have multiple categories. For ex: Category, Collections"},{"type":"header","content":"Product Collections"},{"type":"checkbox","id":"sidebar_products_enable","label":"Products List Enable"},{"type":"text","id":"sidebar_products_title","label":"Products List Title"},{"type":"text","id":"sidebar_products_class","label":"Class","info":"You can input \"hidden-xs\" to hidden block on mobile"},{"type":"collection","id":"sidebar_products_collection","label":"Products List Collection"},{"type":"text","id":"sidebar_products_number","label":"Products List Number","default":"1"},{"type":"text","id":"sidebar_products_more_title","label":"Products List More Text"},{"type":"header","content":"Product Recently Viewed"},{"type":"checkbox","id":"sidebar_products_recently_enable","label":"Products Recently Enable"},{"type":"text","id":"sidebar_products_recently_title","label":"Products Recently Title"},{"type":"text","id":"sidebar_products_recently_class","label":"Class","info":"You can input \"hidden-xs\" to hidden block on mobile"},{"type":"text","id":"sidebar_products_recently_number","label":"Products Recently Number","default":"1"},{"type":"header","content":"Banner Sidebar"},{"type":"checkbox","id":"sidebar_banner_enable","label":"Show Banner"},{"type":"text","id":"sidebar_banner_link","label":"Banner Link To","default":"#"},{"type":"image","id":"sidebar_banner.png","label":"Image banner"}]},{"name":"Filter","settings":[{"type":"checkbox","id":"on-off-filter","label":"Filter Enable","default":true},{"type":"select","id":"filter-position","label":"Filter position","default":"top","options":[{"value":"top","label":"Top"},{"value":"in-sidebar","label":"In Sidebar"}]},{"type":"checkbox","id":"use_multiple_filter","label":"Multiple Filter","default":true,"info":"User can select multiple colors (size, color...) or only one color (size, color...)?"},{"type":"header","content":"Filter with tag"},{"type":"checkbox","id":"enable_filter_tag","label":"Enable","info":"[You can view more Guide](http:\/\/docs.shopify.com\/support\/configuration\/store-customization\/where-do-i-get-my-mailchimp-form-action)"},{"type":"text","id":"filter_tag_1","label":"Filter tag 1"},{"type":"text","id":"filter_tag_2","label":"Filter tag 2"},{"type":"text","id":"filter_tag_3","label":"Filter tag 3"},{"type":"text","id":"filter_tag_4","label":"Filter tag 4"},{"type":"text","id":"filter_tag_5","label":"Filter tag 5"},{"type":"checkbox","id":"style_color_2","label":"Enable Style Color Trend"},{"type":"header","content":"Filter Price with price bar"},{"type":"checkbox","id":"filter_price_bar_enable","label":"Enable"},{"type":"text","id":"filter_price_bar_title","label":"Filter price bar title"}]},{"name":"Sidebar Blog","settings":[{"type":"header","content":"General Setting Sidebar Blog"},{"type":"checkbox","id":"blogsidebar_html_enable","label":"Block Html Enable"},{"type":"text","id":"blogsidebar_html_title","label":"Block Html Title"},{"type":"textarea","id":"blogsidebar_html_des","label":"Block Html Description"},{"type":"image_picker","id":"blogsidebar_html","label":"Block Html Image"},{"type":"text","id":"blogsidebar_html_link","label":"Block Html Link"},{"type":"checkbox","id":"list-blog-re","label":"Enable RECENT ARTICLES","default":true},{"type":"checkbox","id":"block-category","label":"Enable List Collection","default":true},{"type":"checkbox","id":"show_recent","label":"Enable RecentViewed Product","default":true},{"type":"checkbox","id":"show-list-tag","label":"- Sidebar Show List Tags","default":true},{"type":"header","content":"---- * Instagram Sidebar * ----"},{"type":"checkbox","id":"show_instablog","label":"Show Instagram","default":true},{"type":"header","content":"Instagram Sidebar Blog"},{"type":"text","id":"instagram_title_blog","label":"Title Instagram","default":"Instagram"},{"type":"text","id":"client-id_blog","label":"Client Id","default":"f771ffd9812544e99d187d82867f84a2","info":"[Where do I find Client ID?](http:\/\/darkwhispering.com\/how-to\/get-a-instagram-client_id-key)"},{"type":"text","id":"user-id_blog","label":"User Id","default":"5894711894","info":"Use when Get Image from: 'User'. [Where do I find User ID and Access Token?](http:\/\/http:\/\/instagram.pixelunion.net\/)"},{"type":"text","id":"accessToken_blog","label":"Access Token","default":"5894711894.f771ffd.a0204731c7e14f36949635f50922a0d7","info":"Required to use when Get Image from: 'User'."},{"type":"select","id":"img-size_blog","label":"Get Size Image","options":[{"value":"low_resolution","label":"low_resolution"},{"value":"thumbnail","label":"thumbnail"},{"value":"standard_resolution","label":"standard_resolution"}],"default":"low_resolution"},{"type":"text","id":"instagram_limit_blog","label":"limit","default":"9"}]},{"name":"Sidebar CMS","settings":[{"type":"header","content":"Title Page CMS"},{"type":"checkbox","id":"enable_border_bot","label":"Enable border bottom","default":true},{"type":"text","id":"padding_heading","label":"Padding Heading","default":"0 0 3px 0"},{"type":"text","id":"margin_headeing","label":"Margin Heading","default":"0 0 40px"},{"type":"radio","id":"align-head","label":"Alignment Heading","options":[{"value":"center","label":"Center"},{"value":"left","label":"Left"},{"value":"right","label":"Right"}],"default":"center"},{"type":"text","id":"font_size-head","label":"Font Size Heading","default":"28px"},{"type":"header","content":"Setting Sidebar CMS"},{"type":"checkbox","id":"cms_sidebar","label":"Enable Sidebar","default":true},{"type":"text","id":"cms_sidebar_title","label":"Title Sidebar"},{"type":"link_list","id":"cms_sidebar_link","label":"Select Link from Menu"}]},{"name":"Apollo Product Count Down - Daily Deal","settings":[{"type":"header","content":"General Setting"},{"type":"checkbox","id":"apollo_count_down_enable","label":"Enable Product Count Down"},{"type":"checkbox","id":"apollo_count_down_collections","label":"Enable Collection Pages"},{"type":"checkbox","id":"apollo_count_down_prodetails","label":"Enable Product Detail Pages"},{"type":"collection","id":"apollo_count_down_dealpages","label":"Collection In Deal Pages"},{"type":"text","id":"apollo_dealpages_count","label":"Collection Product Count","default":"16"},{"type":"textarea","id":"home_productdeal_time","label":"Deal Time","info":"Product_ID@Time_end(month-day-Year_Hour:Minute:Second). Example: 421783601@10\/24\/2015_00:00:00 421783565@11\/24\/2015_00:00:00 421783465@12\/24\/2015_00:00:00"}]},{"name":"Apollo Popup Newsletter","settings":[{"type":"checkbox","id":"pnewletter_enable","label":"Use Popup Newsletter","default":true},{"type":"text","id":"pnewletter_cookie","label":"Popup TIme Cookie","default":"60","info":"Time to popup show again (Minutes)"},{"type":"radio","id":"style_popup","label":"Style Layout Popup","options":[{"value":"style_1","label":"Style 1"},{"value":"style_2","label":"Style 2"},{"value":"style_3","label":"Style 3 "},{"value":"style_4","label":"Style 4 Only Banner "}]},{"type":"header","content":"Config Popup Newsletter "},{"type":"text","id":"pnewletter_title","label":"Popup Newsletter Title","default":"NEWSLETTER SIGN UP"},{"type":"textarea","id":"pnewletter_message","label":"Popup Newsletter Message"},{"type":"text","id":"pnewletter_form_action","label":"MailChimp Form Action URL","info":"[Where do I find my MailChimp form action URL?](http:\/\/docs.shopify.com\/support\/configuration\/store-customization\/where-do-i-get-my-mailchimp-form-action)"},{"type":"image","id":"pnewletter_bg","label":"----\/\/ Popup Newletter Background for Style 1","max-width":2000,"max-height":2000},{"type":"image","id":"pnewletter_bg_2","label":"----\/\/ Popup Newletter Background for Style 2 ","max-width":2000,"max-height":2000},{"type":"header","content":"Popup Style 3 Only Banner"},{"type":"checkbox","id":"enable_bg_3","label":"Enable Background Style 3 & Style 4","default":true},{"type":"image","id":"pnewletter_bg_3","label":"----\/\/ Popup Newletter Background for Style 3 & Style 4","max-width":2000,"max-height":2000},{"type":"header","content":"Popup Style 4 Only Banner"},{"type":"textarea","id":"popup_title","label":"Title Banner Popup"},{"type":"text","id":"btn_pop_text","label":"Text Button"},{"type":"url","id":"btn_pop_text_link","label":"Link Button"},{"type":"header","content":"Social In PopupNewLetter"},{"type":"checkbox","id":"pnewletter_social_enable","label":"Use Social in Popup NewLetter?","default":true},{"type":"text","id":"pnewletter_social_title","label":"Social media title"},{"type":"text","id":"pnewletter_social_facebook_link","label":"Facebook link"},{"type":"text","id":"pnewletter_social_twitter_link","label":"Twitter link"},{"type":"text","id":"pnewletter_social_rss_link","label":"Rss link"},{"type":"text","id":"pnewletter_social_youtube_link","label":"Youtube link"},{"type":"text","id":"pnewletter_social_googleplus_link","label":"Google Plus link"},{"type":"text","id":"pnewletter_social_instagram_link","label":"Instagram link"},{"type":"text","id":"pnewletter_social_pinterest_link","label":"Pinterest link"}]},{"name":"404 Page","settings":[{"type":"header","content":"Settings"},{"type":"checkbox","id":"image_404_enable","label":"Enable Background Image"},{"type":"image","id":"404-image.png","label":"404 Image"},{"type":"color","id":"found_text_color","label":"Text color","default":"#ff847b"},{"type":"textarea","id":"found_html","label":"Title 404","default":"404 Error"},{"type":"textarea","id":"sub_404","label":"Sub 404","default":"Oops, This Page Could Not Be Found!"},{"type":"text","id":"found_btnleft_text","label":"Button Left Text"},{"type":"text","id":"found_btnleft_link","label":"Button Left Link"}]},{"name":"Password Page","settings":[{"type":"header","content":"General Setting"},{"type":"color","id":"password_bg_color","label":"Background Color","default":"#FFFFFF"},{"type":"color","id":"password_text_color","label":"Text Color","default":"#FFFFFF"},{"type":"header","content":"Background Image"},{"type":"checkbox","id":"password_bg_image","label":"Enable Background Image"},{"type":"image","id":"pwBackground.jpg","label":"Background Image"}]},{"name":"Social","settings":[{"type":"header","content":"Social Share product and article"},{"type":"checkbox","id":"share_facebook","label":"Share on Facebook","default":true},{"type":"checkbox","id":"share_twitter","label":"Tweet on Twitter","default":true},{"type":"checkbox","id":"share_pinterest","label":"Pin on Pinterest","default":true},{"type":"checkbox","id":"share_linked","label":"Share on Linked","default":true},{"type":"checkbox","id":"share_google","label":"Share link Google","default":true},{"type":"header","content":"Social General"},{"type":"text","id":"social_title","label":"Title Social"},{"type":"text","id":"social_twitter_link","label":"Twitter","info":"https:\/\/twitter.com\/shopify"},{"type":"text","id":"social_facebook_link","label":"Facebook","info":"https:\/\/facebook.com\/shopify"},{"type":"text","id":"social_pinterest_link","label":"Pinterest","info":"https:\/\/pinterest.com\/shopify"},{"type":"text","id":"social_instagram_link","label":"Instagram","info":"http:\/\/instagram.com\/shopify"},{"type":"text","id":"social_tumblr_link","label":"Tumblr","info":"http:\/\/shopify.tumblr.com"},{"type":"text","id":"social_snapchat_link","label":"Snapchat","info":"https:\/\/www.snapchat.com\/add\/shopify"},{"type":"text","id":"social_youtube_link","label":"YouTube","info":"https:\/\/www.youtube.com\/shopify"},{"type":"text","id":"social_vimeo_link","label":"Vimeo","info":"https:\/\/vimeo.com\/shopify"},{"type":"header","content":"Facebook comment manager"},{"type":"text","id":"facebook_appid","label":"Facebook AppID","default":"ID"},{"type":"text","id":"facebook_admin_id","label":"Facebook Admin ID","default":"ID1,ID2","info":"ex: ID1,ID2,..."}]},{"name":"SEO","settings":[{"type":"header","content":"General Setting"},{"type":"textarea","id":"apmetakeyword","label":"Meta Key Word","default":"apollotheme","info":"Using 5-10 should be max (175 characters). ex: shopify,apollotheme,..."}]}]