{"current":{"width_content":"1570px","enable_language":true,"enable_smooth_scroll":true,"theme_paneltool_enable":true,"favicon":"shopify:\/\/shop_images\/favicon_66ed5e9e-7179-42c1-8376-121d4b7aab7f.png","theme_newproduct":"10","color_breadcrumbs":"#222222","color_breadcrumbs_active":"#222222","bg_breadcrumb":"#f4f4f4","show_title_breadcumbs":false,"align_bread":"left","style_breadcrumb":"style_1","layout_bread":"page-content","theme_backtotop_enable":true,"theme_float_style":"","home_product_imagesize":"700x","product_page_imagesize":"large","product_sidebar_imagesize":"medium","product_menu_imagesize":"small","product_cart_imagesize":"thumb","blogpage_imagesize":"master","theme_loading_enable":true,"bg_loading":"#ffffff","style_loadding":"style_5","enable_loadlogo":true,"logo-loading":"shopify:\/\/shop_images\/logo_2x_6632e678-b8c0-434c-a680-c7fe285ec6a1.png","bg_color_style":"#ff4850","theme_color_primary":"#222222","theme_color_secondary":"#444444","theme_color_tertiary":"#ff4850","theme_color_four":"#333333","theme_color_body_bg":"#ffffff","theme_color_borders":"#dddddd","theme_text_color_primary":"#222222","theme_text_color_secondary":"#777777","theme_text_color_tertiary":"#4cc04f","theme_text_color_banner":"#ffffff","color_percent":"#ff4a32","color_new":"#30c22c","color_price":"#666666","color_sale":"#ff4850","theme_text_color_buttonone":"#ffffff","theme_bg_color_buttonone":"#000000","theme_border_color_buttonone":"#222222","theme_text_color_buttonone_hover":"#ffffff","theme_bg_color_buttonone_hover":"#333333","theme_border_color_buttonone_hover":"#333333","theme_text_color_buttontwo":"#222222","theme_bg_color_buttontwo":"#ffffff","theme_border_color_buttontwo":"#e5e5e5","theme_text_color_buttontwo_hover":"#ffffff","theme_bg_color_buttontwo_hover":"#222222","theme_border_color_buttontwo_hover":"#222222","color_dot":"#d3d3d3","color_dot_active":"#999999","color_image_overlay_text":"#fff","color_image_overlay":"#222222","image_overlay_opacity":"0.35","theme_font_family":"HelveticaNeue, sans-serif","theme_font_family_tertiary":"HelveticaNeue, sans-serif","type_base_family":"google-font","type_base":"Hind","type_header":"Oswald","theme_font_size":"14px","title_style":"none","size_title":false,"text-align":false,"header-template-layout":"header-template7","layout_header":"page-content","color_head":"#ffffff","color_head_text":"#222222","logo":"shopify:\/\/shop_images\/logo_uma_x1_4513bd1c-a462-4d12-9dc7-a82436c39c03.png","logo_rentina":"shopify:\/\/shop_images\/logo_uma.png","logo_max_width":"98","colortopbar":"#f0f0f0","name_menu":"blog","enable_banner_run_top":"FREE standard delivery on orders over $200","margin-left-cw":"300px","user_info":"form","enable_line":true,"style_line":"sidebar","title_about":"Welcome Unique","des_about":"<p>Our simple philosophy is to offer the best quality furniture, the best prices, and the best service.<\/p>","enable_socical_bar":true,"show_announcement":false,"home_page_only":false,"noti_cookie":"10","announcement_icon":"<i class=\"fa fa-gift\"><\/i>","announcement_text":"SALE 20% off all. Use code <span>UNIQUE<\/span>","announcement_link_text":"shop now","announcement_link":"shopify:\/\/collections\/best-seller","announcement_color_bg":"#90d2d4","announcement_color_text":"#fff","announcement_color_text_hover":"#222","bg_noti":"#222222","color_noti":"#ffffff","custom_space":"padding-top:70px;padding-bottom:0px","set_box":"box-full","enable_parallax":false,"enable_border_top":true,"img_footer":"","bg_section":"#ffffff","border-color":"#e5e5e5","color_title_footer":"#222222","color_text_footer":"#777777","color_text_footer_hover":"#222222","footer-template-layout":"footer-1","layout":"left","logo_footer":"shopify:\/\/shop_images\/logo_footer.png","logo_max_width_footer":"123","title_aboutus_footer":"","des_about_footer":"Lorem Ipsum is simply dummy text of the printing and typesetting industry. Lorem Ipsum has been the industry's standard dummy text ever since the 1500s","support_call":"Call For Support<a href=\"tel:800%20-%201234%20-%20567\">1800 - 1234 - 567<\/a>","color_text":"#727272","bg_newletter_left":"#222222","bg_about_right":"#1d1d1d","homepage_newsletter_enable":true,"color_icon_new":"#555555","homepage_newsletter_title":"NEWSLETTER","homepage_newsletter_des":"Join our list and get 15% off your first purchase!","homepage_newsletter_sub":"don’t worry we don’t spam","newsletter_form_action":"","footer_quicklinks_enable":true,"footer_quicklinks_title":"CUSTOMER SERVICE","footer_quicklinks_linklist":"customer-service","footer_quicklinks_enable_1":true,"footer_quicklinks_title_1":"COMPANY","footer_quicklinks_linklist_1":"company","footer_quicklinks_enable_2":true,"footer_quicklinks_title_2":"PROFILE","footer_quicklinks_linklist_2":"profile","footer_quicklinks_enable_3":true,"footer_quicklinks_title_3":"Collection","footer_quicklinks_linklist_3":"best-seller","footer_social_enable":true,"footer_social_title":"FOLLOW OUR SOCIAL","footer_social_facebook_link":"https:\/\/www.facebook.com\/shopify","footer_social_twitter_link":"https:\/\/twitter.com\/shopify","footer_social_instagram_link":"https:\/\/www.instagram.com\/shopify\/","footer_social_pinterest_link":"https:\/\/www.pinterest.com\/shopify\/","footer_social_rss_link":"","footer_social_youtube_link":"https:\/\/www.youtube.com\/user\/shopify","footer_social_googleplus_link":"https:\/\/plus.google.com\/+shopify","lawcookie":true,"cookielawinfor":"We are using cookies to provide statistics that help us give you the best experience of our site. You can find out more or switch them off if you prefer. However, by continuing to use the site without changing settings, you are agreeing to our use of cookies","link_btn_infor_cookie":"#","cookie_bg":"#000000","cookie_text":"#ffffff","style_grid_item":"style_1","ap_collection_swatch_item":true,"theme_quickview_enable":true,"theme_quickview_swatch":true,"enable_image_qv":false,"style_swatch":"circle","show_reviews_detail":true,"show-reviewhome":false,"theme_compare_enable":false,"theme_more_pimages_option":"showone","theme_wishlist_enable":true,"wishlist_nologin":"yes","theme_wishlist_page":"wishlist","ajaxsearch_enable":true,"ajaxsearch_maxresult":"10","enable_collection_popular":true,"title_popular":"Collection Popular","title_popular_1":"Products Popular","search_product_collection_1":"best-seller","title_popular_2":"Trend 2017","search_product_collection_2":"trendding","apollo_megamenu_enable":true,"mainmenu":"main-menu","apollo_megamenu_bgcolor":"#ffffff","apollo_megamenu_bgoutcolor":"#ffffff","apollo_megamenu_textcolor":"#222222","apollo_megamenu_linkcolor":"#222222","apollo_megamenu_linkhovercolor":"#888888","apollo_megamenu_linkhoverbgcolor":"rgba(0,0,0,0)","apollo_megamenu_bgsub":"#282828","apollo_megamenu_textcolorsub":"#ffffff","apollo_megamenu_linkcolorsub":"#888888","apollo_megamenu_linkhoversub":"#ffffff","apollo_megamenu_fontsize":"12px","apollo_megamenu_fontsizesub":"14px","color_label_menu":"#ffffff","title_submenu_1":"","id_submenu_label_1":"","stye_label_1":"#40d262","title_submenu_2":"shop","id_submenu_label_2":"Sale","stye_label_2":"#f94e3f","title_submenu_3":"contact","id_submenu_label_3":"Hot","stye_label_3":"#ff0b0b","title_submenu_4":"about us","id_submenu_label_4":"cool","stye_label_4":"#008aff","title_submenu_5":"","id_submenu_label_5":"","stye_label_5":"#d3ff00","apmenuitem_enable_1":true,"apmenuitem_title_1":"shop","apmenuitem_fullwidth_1":false,"apmenuitem_width_1":"670px","apbgimage_enable_1":false,"apmenuitem_eblocklinks_1":true,"apmenuitem_columns_blocklinks_1":"12","apmenuitem_columns_1":"4","apmenuitem_img_blocklinks_enable_1":false,"apmenuitem_evideo_1":false,"apmenuitem_columns_blockvideo_1":"4","apmenuitem_cvideo_1":"[youtube width = \"270\" height=\"270\" video ='UCMOIoqwu17MbE7d5JN1X2Kg']","apmenuitem_eproduct_1":false,"apmenuitem_columns_blockproducts_1":"4","apmenuitem_tproduct_1":"Best seller","apmenuitem_cproduct_1":"","apmenuitem_nproduct_1":"3","apmenuitem_ehtml_1":false,"apmenuitem_columns_blockhtml_1":"3","apmenuitem_thtml_1":"Block HTML","apmenuitem_lchtml_1":"https:\/\/apthemebase.myshopify.com\/products\/aenean-consequat-sagittis?variant=21244449285","apmenuitem_eihtml_1":false,"apmenuitem_chtml_1":"Lorem Ipsum is simply dummy text of the printing and typesetting industry. Lorem Ipsum has been the industry's standard dummy text ever since the 1500s.","apmenuitem_enable_2":true,"apmenuitem_title_2":"blog","apmenuitem_fullwidth_2":true,"apmenuitem_width_2":"","apbgimage_enable_2":false,"apmenuitem_eblocklinks_2":true,"apmenuitem_columns_blocklinks_2":"6","apmenuitem_columns_2":"6","apmenuitem_img_blocklinks_enable_2":false,"apmenuitem_evideo_2":false,"apmenuitem_columns_blockvideo_2":"1","apmenuitem_cvideo_2":"","apmenuitem_eproduct_2":true,"apmenuitem_columns_blockproducts_2":"3","apmenuitem_tproduct_2":"Top product","apmenuitem_cproduct_2":"best-seller","apmenuitem_nproduct_2":"3","apmenuitem_ehtml_2":true,"apmenuitem_columns_blockhtml_2":"3","apmenuitem_thtml_2":"Block html","apmenuitem_lchtml_2":"\/collections\/all","apmenuitem_eihtml_2":true,"apmenuitem_chtml_2":"Sed ut perspiciatis unde omnis iste natus error sit voluptatem accusantium doloremque laudantium.","apmenuitem_enable_3":true,"apmenuitem_title_3":"catalog","apmenuitem_fullwidth_3":true,"apmenuitem_width_3":"","apbgimage_enable_3":false,"apmenuitem_eblocklinks_3":true,"apmenuitem_columns_blocklinks_3":"12","apmenuitem_columns_3":"3","apmenuitem_img_blocklinks_enable_3":true,"apmenuitem_evideo_3":false,"apmenuitem_columns_blockvideo_3":"1","apmenuitem_cvideo_3":"","apmenuitem_eproduct_3":false,"apmenuitem_columns_blockproducts_3":"1","apmenuitem_tproduct_3":"","apmenuitem_cproduct_3":"","apmenuitem_nproduct_3":"","apmenuitem_ehtml_3":false,"apmenuitem_columns_blockhtml_3":"1","apmenuitem_thtml_3":"","apmenuitem_lchtml_3":"","apmenuitem_eihtml_3":false,"apmenuitem_chtml_3":"","apmenuitem_enable_4":false,"apmenuitem_title_4":"","apmenuitem_fullwidth_4":false,"apmenuitem_width_4":"","apbgimage_enable_4":false,"apmenuitem_eblocklinks_4":false,"apmenuitem_columns_blocklinks_4":"1","apmenuitem_columns_4":"1","apmenuitem_img_blocklinks_enable_4":false,"apmenuitem_evideo_4":false,"apmenuitem_columns_blockvideo_4":"1","apmenuitem_cvideo_4":"","apmenuitem_eproduct_4":false,"apmenuitem_columns_blockproducts_4":"1","apmenuitem_tproduct_4":"","apmenuitem_cproduct_4":"","apmenuitem_nproduct_4":"","apmenuitem_ehtml_4":false,"apmenuitem_columns_blockhtml_4":"1","apmenuitem_thtml_4":"","apmenuitem_lchtml_4":"","apmenuitem_eihtml_4":false,"apmenuitem_chtml_4":"","apmenuitem_enable_5":false,"apmenuitem_title_5":"","apmenuitem_fullwidth_5":false,"apmenuitem_width_5":"","apbgimage_enable_5":false,"apmenuitem_eblocklinks_5":false,"apmenuitem_columns_blocklinks_5":"1","apmenuitem_columns_5":"1","apmenuitem_img_blocklinks_enable_5":false,"apmenuitem_evideo_5":false,"apmenuitem_columns_blockvideo_5":"1","apmenuitem_cvideo_5":"","apmenuitem_eproduct_5":false,"apmenuitem_columns_blockproducts_5":"1","apmenuitem_tproduct_5":"","apmenuitem_cproduct_5":"","apmenuitem_nproduct_5":"","apmenuitem_ehtml_5":false,"apmenuitem_columns_blockhtml_5":"1","apmenuitem_thtml_5":"","apmenuitem_lchtml_5":"","apmenuitem_eihtml_5":false,"apmenuitem_chtml_5":"","apollo_cart_enable":true,"bg_iconcart":"#ff4850","color_iconcart":"#ffffff","apollo_cart_type":"drawer","apollo_cart_show_cart_hover":true,"apollo_cart_number_product":true,"apollo_cart_total_price":false,"apollo_cart_drawer_setting":"right","apollo_cart_free_ship":false,"apollo_cart_free_ship_total":"67","show_multiple_currencies":true,"currency_format":"money_format","supported_currencies_1":"USD","supported_currencies_2":"EUR","supported_currencies_3":"AUD","supported_currencies_4":"GBP","supported_currencies_5":"JPY","on-off-sidebar":true,"sidebar_fixed":false,"sidebar_detail_enable":false,"categories_block_enable":true,"categories_block_title":"PRODUCT CATEGORIES","categories_block_class":"","categories_block_productcount":true,"categories_block_style":"show_all","categories_block_number":"10","categories_block_items":"","sidebar_products_enable":false,"sidebar_products_title":"Product list sidebar","sidebar_products_class":"","sidebar_products_collection":"trendding","sidebar_products_number":"3","sidebar_products_more_title":"More Product","sidebar_products_recently_enable":true,"sidebar_products_recently_title":"Products Viewed","sidebar_products_recently_class":"","sidebar_products_recently_number":"3","sidebar_banner_enable":true,"sidebar_banner_link":"#","on-off-filter":true,"filter-position":"top","use_multiple_filter":true,"enable_filter_tag":true,"filter_tag_1":"Color|color_|true","filter_tag_2":"Product type|type_","filter_tag_3":"Product Size|size_","filter_tag_4":"Vender|vender_","filter_tag_5":"Price|price_","style_color_2":false,"filter_price_bar_enable":true,"filter_price_bar_title":"Filter Price","blogsidebar_html_enable":true,"blogsidebar_html_title":"ABOUT AUTHOR","blogsidebar_html_des":"Etiam vel magna sed leo feugiat cursus. Cras mollis blandit dolor. Praesent vulputate justo quis volutpat pharetra. Suspendisse","blogsidebar_html":"shopify:\/\/shop_images\/about.jpg","blogsidebar_html_link":"#","list-blog-re":true,"block-category":true,"show_recent":true,"show-list-tag":true,"show_instablog":true,"instagram_title_blog":"Instagram","client-id_blog":"f771ffd9812544e99d187d82867f84a2","user-id_blog":"5894711894","accessToken_blog":"5894711894.f771ffd.a0204731c7e14f36949635f50922a0d7","img-size_blog":"low_resolution","instagram_limit_blog":"9","enable_border_bot":true,"padding_heading":"0 0 3px 0","margin_headeing":"0 0 40px","align-head":"center","font_size-head":"28px","cms_sidebar":true,"cms_sidebar_title":"Custom Service","cms_sidebar_link":"custom-service","apollo_count_down_enable":false,"apollo_count_down_collections":false,"apollo_count_down_prodetails":false,"apollo_count_down_dealpages":"","apollo_dealpages_count":"16","home_productdeal_time":"10236826825@10\/24\/2019_00:00:00\n7764650960@10\/24\/2019_00:00:00\n7764651280@10\/24\/2019_00:00:00\n7764649296@10\/24\/2019_00:00:00\n7764650256@10\/24\/2019_00:00:00\n7764649104@10\/24\/2019_00:00:00\n7764650576@10\/24\/2019_00:00:00","pnewletter_enable":true,"pnewletter_cookie":"60","style_popup":"style_3","pnewletter_title":"Our Newsletters","pnewletter_message":"Stay Updated on all that's new add noteworthy.","pnewletter_form_action":"https:\/\/hvduc.us11.list-manage.com\/subscribe\/post?u=355ea7b2b4b03bc8640b8efdd&id=86fecc3357","enable_bg_3":true,"popup_title":"Up to Extra <span>20%<\/span> Off Living Room Furniture*","btn_pop_text":"shop now","btn_pop_text_link":"shopify:\/\/collections\/best-seller","pnewletter_social_enable":true,"pnewletter_social_title":"","pnewletter_social_facebook_link":"facebook.com","pnewletter_social_twitter_link":"twitter.com","pnewletter_social_rss_link":"","pnewletter_social_youtube_link":"https:\/\/www.youtube.com\/channel\/UCMOIoqwu17MbE7d5JN1X2Kg","pnewletter_social_googleplus_link":"","pnewletter_social_instagram_link":"https:\/\/www.instagram.com\/theme.minimal\/","pnewletter_social_pinterest_link":"https:\/\/www.pinterest.com\/","image_404_enable":true,"found_text_color":"#ff847b","found_html":"404 Error","sub_404":"Oops, This Page Could Not Be Found!","found_btnleft_text":"go to homepage","found_btnleft_link":"\/","password_bg_color":"#ffffff","password_text_color":"#222222","password_bg_image":true,"share_facebook":true,"share_twitter":true,"share_pinterest":true,"share_linked":true,"share_google":true,"social_title":"connect and follow","social_twitter_link":"https:\/\/twitter.com\/shopify","social_facebook_link":"https:\/\/www.facebook.com\/shopify","social_pinterest_link":"https:\/\/www.pinterest.com\/shopify\/","social_instagram_link":"","social_tumblr_link":"http:\/\/shopify.tumblr.com","social_snapchat_link":"https:\/\/www.snapchat.com\/add\/shopify","social_youtube_link":"https:\/\/www.youtube.com\/user\/shopify","social_vimeo_link":"","facebook_appid":"ID","facebook_admin_id":"ID1,ID2","apmetakeyword":"apthemebase, Aenean, Commodo habitasse, Egestas lorem commodo,Malesuada, fames acurpis","checkout_header_image":"","checkout_logo_image":"shopify:\/\/shop_images\/logo_desk.png","checkout_logo_position":"left","checkout_logo_size":"medium","checkout_body_background_image":"","checkout_body_background_color":"#fff","checkout_input_background_color_mode":"white","checkout_sidebar_background_image":"","checkout_sidebar_background_color":"#fafafa","checkout_heading_font":"Helvetica Neue","checkout_body_font":"Helvetica Neue","checkout_accent_color":"#1990c6","checkout_button_color":"#1990c6","checkout_error_color":"#ff6d6d","pepper_enable":"","theme_rtl_enable":false,"bg_foot2":"#f5f5f5","apollo_cart_drawer_width":"10000","ap_collection_product_description":"true","enable_img_about":false,"title_page_about_1":"Who We Are","des_page_about_1":"CoolStuff was founded in 2015 by Helen Osgerby, based on the simple premise that working with good people, making good things, made good sense. \r\nWe have worked hard to source, collect and edit the best of British and Irish design carefully crafted things for the home that are designed and made on these shores.","title_page_about_2":"What We Do","des_page_about_2":"Our products are designed with thought to their purpose and are made carefully. They require skill and knowledge from the designer and the maker, they might have a history, they might preserve a tradition, maintain a heritage or support an industry. Almost all have a story to tell.","enable_list_about":true,"title_page_about_3":"Our store","content_1":"Name About 1","content_2":"Name About 2","content_3":"Name About 3","theme_font_family_septenary":"Google+Hind","theme_font_family_senary":"Google+Hind","enable_google_font":true,"type_header_family":"google-font","font_family_title":"google-font","font_name_title":"Hind","found_btnright_text":"Go to Home Page","found_btnright_link":"\/","enable_affi":true,"text_affi":"Buy Amazon","apollo_cart_collection_variants":"false","verticalmenu_enable":"true","verticalmenu_linklist":"main-menu","verticalmenu_title":"Vertical Menu","verticalmenu_class":"","verticalmenu_fontsize":"14px","verticalmenu_subfontsize":"14px","verticalmenu_bgcolor":"#ffffff","verticalmenu_textcolor":"#000000","verticalmenu_linkcolor":"#000000","verticalmenu_linkhovercolor":"#666666","verticalmenu_linkhoverbgcolor":"#ffffff","verticalmenu_textcolorsub":"#666666","verticalmenu_linkcolorsub":"#666666","verticalmenu_linkhoversub":"#000000","vermenuicon_enable":"false","vermenuicon_color":"#000000","vermenuicon_font_1":"","vermenuicon_eimage_1":"false","vermenuicon_font_2":"","vermenuicon_eimage_2":"false","vermenuicon_font_3":"","vermenuicon_eimage_3":"false","vermenuicon_font_4":"","vermenuicon_eimage_4":"false","vermenuicon_font_5":"","vermenuicon_eimage_5":"false","vermenuicon_font_6":"","vermenuicon_eimage_6":"false","vermenuicon_font_7":"","vermenuicon_eimage_7":"false","vermenuicon_font_8":"","vermenuicon_eimage_8":"false","vermenuicon_font_9":"","vermenuicon_eimage_9":"false","vermenuicon_font_10":"","vermenuicon_eimage_10":"false","vermenuitem_menu_desc_1":"","vermenuitem_menu_desc_2":"","vermenuitem_menu_desc_3":"","vermenuitem_menu_desc_4":"","vermenuitem_menu_desc_5":"","vermenuitem_menu_desc_6":"","vermenuitem_menu_desc_7":"","vermenuitem_menu_desc_8":"","vermenuitem_menu_desc_9":"","vermenuitem_menu_desc_10":"","vermenuitem_enable_1":"false","vermenuitem_title_1":"","vermenuitem_eimage_1":"false","vermenuitem_width_1":"600px","vermenuitem_eblocklinks_1":"false","vermenuitem_columns_blocklinks_1":"1","vermenuitem_columns_1":"1","vermenuitem_evideo_1":"false","vermenuitem_columns_blockvideo_1":"1","vermenuitem_cvideo_1":"","vermenuitem_eproduct_1":"false","vermenuitem_columns_blockproducts_1":"1","vermenuitem_tproduct_1":"","vermenuitem_cproduct_1":"","vermenuitem_nproduct_1":"","vermenuitem_ehtml_1":"false","vermenuitem_columns_blockhtml_1":"1","vermenuitem_thtml_1":"","vermenuitem_eihtml_1":"false","vermenuitem_chtml_1":"","vermenuitem_enable_2":"false","vermenuitem_title_2":"","vermenuitem_eimage_2":"false","vermenuitem_width_2":"600px","vermenuitem_eblocklinks_2":"false","vermenuitem_columns_blocklinks_2":"1","vermenuitem_columns_2":"1","vermenuitem_evideo_2":"false","vermenuitem_columns_blockvideo_2":"1","vermenuitem_cvideo_2":"","vermenuitem_eproduct_2":"false","vermenuitem_columns_blockproducts_2":"1","vermenuitem_tproduct_2":"","vermenuitem_cproduct_2":"","vermenuitem_nproduct_2":"","vermenuitem_ehtml_2":"false","vermenuitem_columns_blockhtml_2":"1","vermenuitem_thtml_2":"","vermenuitem_eihtml_2":"false","vermenuitem_chtml_2":"","vermenuitem_enable_3":"false","vermenuitem_title_3":"","vermenuitem_eimage_3":"false","vermenuitem_width_3":"600px","vermenuitem_eblocklinks_3":"false","vermenuitem_columns_blocklinks_3":"1","vermenuitem_columns_3":"1","vermenuitem_evideo_3":"false","vermenuitem_columns_blockvideo_3":"1","vermenuitem_cvideo_3":"","vermenuitem_eproduct_3":"false","vermenuitem_columns_blockproducts_3":"1","vermenuitem_tproduct_3":"","vermenuitem_cproduct_3":"","vermenuitem_nproduct_3":"","vermenuitem_ehtml_3":"false","vermenuitem_columns_blockhtml_3":"1","vermenuitem_thtml_3":"","vermenuitem_eihtml_3":"false","vermenuitem_chtml_3":"","vermenuitem_enable_4":"false","vermenuitem_title_4":"","vermenuitem_eimage_4":"false","vermenuitem_width_4":"600px","vermenuitem_eblocklinks_4":"false","vermenuitem_columns_blocklinks_4":"1","vermenuitem_columns_4":"1","vermenuitem_evideo_4":"false","vermenuitem_columns_blockvideo_4":"1","vermenuitem_cvideo_4":"","vermenuitem_eproduct_4":"false","vermenuitem_columns_blockproducts_4":"1","vermenuitem_tproduct_4":"","vermenuitem_cproduct_4":"","vermenuitem_nproduct_4":"","vermenuitem_ehtml_4":"false","vermenuitem_columns_blockhtml_4":"1","vermenuitem_thtml_4":"","vermenuitem_eihtml_4":"false","vermenuitem_chtml_4":"","vermenuitem_enable_5":"false","vermenuitem_title_5":"","vermenuitem_eimage_5":"false","vermenuitem_width_5":"600px","vermenuitem_eblocklinks_5":"false","vermenuitem_columns_blocklinks_5":"1","vermenuitem_columns_5":"1","vermenuitem_evideo_5":"false","vermenuitem_columns_blockvideo_5":"1","vermenuitem_cvideo_5":"","vermenuitem_eproduct_5":"false","vermenuitem_columns_blockproducts_5":"1","vermenuitem_tproduct_5":"","vermenuitem_cproduct_5":"","vermenuitem_nproduct_5":"","vermenuitem_ehtml_5":"false","vermenuitem_columns_blockhtml_5":"1","vermenuitem_thtml_5":"","vermenuitem_eihtml_5":"false","vermenuitem_chtml_5":"","apollo_canvas_style":"styletwo","apollo_cart_collection_quantity":true,"productitem_animate_enable":true,"productitem_animate_delay":"100","bg_color_style1":"#ff4850","type_bold_product_titles":true,"theme_retine_enable":false,"theme_responsive_enable":true,"theme_header_style":"header-default","theme_layout_mode":"layout-default","theme_font_family_special":"Google+Lora","theme_viewdetails_enable":true,"blog_page_socialsharing_enable":"0","blog_page_socialsharing_title":"","blog_page_socialsharing_code":"","apollo_cart_add_to_cart":"1","filter_tag_refine_by_title":"Refine by:","filter_tag_view_all_title":"View all","filter_tag_clear_title":"clear","shop_by_vendor_enable":false,"shop_by_vendor_title":"Vendor","shop_by_vendor_class":"","shop_by_vendor_number":"10","shop_by_vendor_custom_enable":false,"shop_by_vendor_custom_list":"","shop_by_type_enable":false,"shop_by_type_title":"SHOP BY TYPE","shop_by_type_class":"","shop_by_type_number":"10","shop_by_type_custom_enable":false,"shop_by_type_custom_list":"","shop_by_catalog_enable":true,"shop_by_catalog_title":"Catalog","shop_by_catalog_class":"","shop_by_size_enable":true,"shop_by_size_title":"Size","shop_by_size_list":"XS,S,M,L,XL","shop_by_price_enable":true,"shop_by_price_title":"Price","shop_by_price_list":"$0-$50,$50 - $100,$100 - $200,$200 - $400,Above $400","shop_by_color_enable":true,"shop_by_color_title":"Color","shop_by_color_text_1":"Red","shop_by_color_text_2":"Yellow","shop_by_color_text_3":"Green","shop_by_color_text_4":"Blue","shop_by_color_text_5":"Black","shop_by_color_text_6":"White","shop_by_color_text_7":"Gray","shop_by_color_text_8":"Fuchsia","shop_by_color_text_9":"","shop_by_color_text_10":"","shop_by_color_text_11":"","shop_by_color_text_12":"","shop_by_color_text_13":"","shop_by_color_text_14":"","shop_by_color_text_15":"","shop_by_color_text_16":"","shop_by_color_text_17":"","shop_by_color_text_18":"","shop_by_color_text_19":"","shop_by_color_text_20":"","ap_collection_quickview":false,"ap_collection_count_product":true,"ap_collection_count_content":"Showing %1% to %2% of %3% products","ap_collection_product_name":true,"ap_collection_product_price":true,"ap_collection_fillter_product":false,"ap_collection_view_type":"list","ap_collection_product_per_row":"2","ap_collection_product_row":"1","ap_collection_image_thumb":true,"ap_collection_quickview_type":"product carousel","ap_collection_image_thumb_carousel":true,"ap_collection_image_thumb_effect":"grow","ap_collection_color_grid_color":"#cc1414","ap_collection_fillter_product_color":"#000000","sidebar_style_moblie":"accordion_sidebar","layout-sidebar":"right","filter_price_bar_titlr":"FILTER PRICE","title_submenu_6":"Home","id_submenu_label_6":"new","stye_label_6":"#d00000","title_submenu_7":"catalog","id_submenu_label_7":"Sale","stye_label_7":"#743939","title_submenu_8":"collection grid","id_submenu_label_8":"Hot","stye_label_8":"#ff0000","title_submenu_9":"features","id_submenu_label_9":"good !","stye_label_9":"#00ff0c","title_submenu_10":"Blog","id_submenu_label_10":"","stye_label_10":"#ff0000","title_submenu_11":"blog detail","id_submenu_label_11":"","stye_label_11":"#fd0000","title_submenu_12":"","id_submenu_label_12":"","stye_label_12":"#f3e000","title_submenu_13":"","id_submenu_label_13":"","stye_label_13":"","title_submenu_14":"","id_submenu_label_14":"","stye_label_14":"","title_submenu_15":"","id_submenu_label_15":"","stye_label_15":"","checkout_use_header_image":false,"checkout_logo":"","checkout_use_body_background_image":false,"checkout_use_sidebar_background_image":false,"ap_collection_color_grid":true,"product_page_swatch":true,"show_instagram":true,"instagram_bg_color":"#ffffff","instagram_title":"Instagram","urlto_instagram":"https:\/\/instagram.com\/apollotheme","linkall_instagram":"","instagram_titleimage_enable":false,"instagram_titleimage_link":"#","instagram_get":"user","client-id":"c6e4c736e82345a3898a0e299daa00fb","instagram_tag":"","instagram_locationId":"","user-id":"1599696966","accessToken":"1599696966.1677ed0.378293d7d5e74eecb5de8d0e5b748ab6","instagram_limit":"10","label_menu_1":"New !","label_menu_2":"New !","label_menu_3":"Sale !","label_menu_4":"10%","label_menu_5":"50%","label_submenu_1":"new","label_submenu_2":"sale","label_submenu_3":"new","label_submenu_4":"","label_submenu_5":"","label_menu_enable_1":true,"apmenu_title_1":"home","label_menu_enable_2":true,"apmenu_title_2":"catalog","label_menu_enable_3":true,"apmenu_title_3":"blog","label_menu_enable_4":true,"apmenu_title_4":"page","label_menu_enable_5":true,"apmenu_title_5":"features","label_menu_enable_":true,"color_body_text":"#788188","color_sale_text":"#7796A8","color_borders":"#e8e9eb","color_button":"#7796A8","color_button_text":"#fff","color_small_button":"#fff","color_small_button_text":"#3d4246","color_text_field":"#fff","color_text_field_text":"#000","color_body_bg":"#fff","type_header_base_size":"26px","type_base_size":"16px","found_background_enable":false,"aboutus_background_color":"#FFFFFF","aboutus_text_color":"#666666","aboutus_background_image":false,"theme_more_pimages_enable":"1","color_primary":"#ffffff","color_secondary":"#ffffff","color_body_text_timber":"#ffffff","color_body_bg_timber":"#ffffff","color_borders_timber":"#ffffff","color_footer_bg_timber":"#f60000","color_footer_text_timber":"#ffffff","apollo_product_detail_type":"nomal","apollo_product_detail_review":true,"apollo_product_detail_faqs":true,"apollo_product_detail_attribute":false,"apollo_product_detail_fb_comment":false,"apollo_product_detail_tab_type":"tab","apollo_product_detail_tab_label1":"Overview","apollo_product_detail_tab_label2":"Product Details","apollo_product_detail_tab_label3":"none","apollo_product_detail_tab_label4":"none","apollo_product_detail_tab_label5":"none","apollo_product_detail_review_tab":true,"apollo_product_detail_review_label":"Review","apollo_product_detail_attribute_tab":true,"apollo_product_detail_attribute_label":"Attribute","apollo_product_detail_fb_comment_tab":true,"apollo_product_detail_fb_comment_id":"","apollo_product_detail_fb_comment_display":"10","apollo_cart_drawer_height":"300","apmenuitem_bg_color_1":"#ffffff","apmenuitem_bg_color_2":"#f8c8c8","apmenuitem_bg_color_3":"#FFFFFF","apmenuitem_bg_color_4":"#FFFFFF","apmenuitem_bg_color_5":"#FFFFFF","sections":{"header":{"type":"header","settings":{"header-template-layout":"header-template1","logo":"shopify:\/\/shop_images\/logo_2x_6632e678-b8c0-434c-a680-c7fe285ec6a1.png","logo_max_width":"123","colortopbar":"#fafafa","name_menu":"blog","enable_banner_run_top":"FREE standard delivery on orders over $200","margin-left-cw":"300px","show_announcement":true,"home_page_only":false,"noti_cookie":"5","announcement_icon":"<i class=\"fa fa-gift\"><\/i>","announcement_text":"SALE 20% off Everything. USE CODE <span>UNIQUE<\/span>","announcement_link_text":"shop now","announcement_link":"shopify:\/\/collections\/best-seller","announcement_color_bg":"#90d2d4","announcement_color_text":"#fff","announcement_color_text_hover":"#222"}},"hero":{"type":"hero","settings":{"custom_space":"padding-top:100px;padding-bottom:100px","set_box":"box-full","bg_section":"#ffffff","color_overlay":"#ffffff","opacity":"0","image":"","check_fixed":false,"alignment":"bottom","alignment-ver":"center","align":"center","title":"heading","color":"#ffffff","color_subtitle":"#ffffff","text":"<p>fsdkfsdfkjsk<\/p>","hero_size":"medium","text_size":"large","button_label":"shop","button_link":"","btn_style":"style1","hero_buttoncolor":"#000000","hero_buttonbg":"#000000","hero_buttonbcolor":"#000000","hero_buttoncolor_hover":"#000000","hero_buttonbg_hover":"#ffffff","hero_buttonbcolor_hover":"#000000"}},"feature-row":{"type":"feature-row","settings":{"custom_space":"padding-top:100px;padding-bottom:100px","set_box":"box-full","bg_section":"#ffffff","image":"","label":"Sale","label_color":"#f4474b","layout":"left","title":"Image with text","text":"<p>Pair large text with an image to give focus to your chosen product, collection, or blog post. Add details on availability, style, or even provide a review.<\/p>","button_label":"Discovery now","button_link":"shopify:\/\/collections\/all-product"}},"footer":{"type":"footer","settings":{"custom_space":"padding-top:60px;\npadding-bottom:0px","set_box":"box-full","enable_parallax":false,"enable_border_top":true,"bg_section":"#ffffff","footer-template-layout":"footer-1","bg_foot2":"#f5ebeb","layout":"left","logo":"shopify:\/\/shop_images\/logo_2x_6632e678-b8c0-434c-a680-c7fe285ec6a1.png","logo_max_width":"123","title_aboutus_footer":"","des_about_footer":"You like design. We like you. Behind a good design lies a good story. We are here to tell the tale so you can weave them into a part of your own.","support_call":"Call For Support :\n<a href=\"tel:+6494461709\">1800 - 1234 - 567<\/a>","color_text":"#c0c0c0","bg_newletter_left":"#222222","bg_about_right":"#1d1d1d","homepage_newsletter_enable":true,"homepage_newsletter_title":"Newsletter","homepage_newsletter_des":"Join our list and get 15% off your first purchase!","homepage_newsletter_sub":"don’t worry we don’t spam","newsletter_form_action":"\/\/hvduc.us11.list-manage.com\/subscribe\/post?u=355ea7b2b4b03bc8640b8efdd&amp;id=86fecc3357","footer_quicklinks_enable":true,"footer_quicklinks_title":"CUSTOMER SERVICE","footer_quicklinks_linklist":"customer-service","footer_quicklinks_enable_1":true,"footer_quicklinks_title_1":"Company","footer_quicklinks_linklist_1":"company","footer_quicklinks_enable_2":true,"footer_quicklinks_title_2":"PROFILE","footer_quicklinks_linklist_2":"profile","footer_quicklinks_enable_3":true,"footer_quicklinks_title_3":"Our Products","footer_quicklinks_linklist_3":"best-seller","footer_social_enable":true,"footer_social_title":"follow our social:","footer_social_facebook_link":"https:\/\/www.facebook.com\/apollotheme","footer_social_twitter_link":"https:\/\/twitter.com\/apollotheme","footer_social_instagram_link":"https:\/\/www.instagram.com\/apollotheme\/","footer_social_pinterest_link":"https:\/\/www.pinterest.com\/apollotheme\/","footer_social_rss_link":"#","footer_social_youtube_link":"https:\/\/www.youtube.com\/channel\/UCMOIoqwu17MbE7d5JN1X2Kg","footer_social_googleplus_link":"https:\/\/plus.google.com\/+ApolloThemeshopifythemes?hl=vi"}},"product-template":{"type":"product-template","settings":{"product-template-layout":"product-template5","bg_product":"#ffffff","set_layoutproduct":"page-content","image_size":"large","product_page_swatch":true,"style_swatch":"square","show_img_bg":"img","product_page_availability":true,"show_quantity_selector":true,"enable_pro":false,"show_sku":true,"show_vendor":true,"show_type":false,"show_col":true,"show_tag":true,"limit_tag":"2","enable_zoom":true,"enable_popup":true,"show_share_buttons":true,"set_layout_more":"container","enable_accodi":false,"product_description_type":"accordion","product_moreinfo_tab1title":"More info","product_moreinfo_tab2title":"Custom Tab 1","product_moreinfo_tab3title":"Custom Tab 2","product_moreinfo_tab4title":"Custom Tab 3","product_moreinfo_tab5title":"Custom Tab 4","show_faqs_detail":true,"show_faqs_detail_tab":true,"product_moreinfo_tab_faqs_title":"FAQs","show_reviews_detail_tab":true,"product_moreinfo_tab_reviews_title":"Review","show_comment_detail":true,"show_comment_detail_tab":true,"product_moreinfo_tab_comment_title":"Comment","facebook_appid":"APP ID","facebook_admin_id":"ID1,ID2","facebook_comment_display":"10","enable_ser_pro":true,"icon_1":"shopify:\/\/shop_images\/1.png","ser_1":"FREE SHIPPING WORLDWIDE","icon_2":"shopify:\/\/shop_images\/2.png","ser_2":"FREE RETURNS WORLDWIDE","icon_3":"shopify:\/\/shop_images\/3.png","ser_3":"24-MONTH WARRANTY","icon_4":"shopify:\/\/shop_images\/4.png","ser_4":"100% SECURE CHECKOUT","show_related_products":true,"custom_space":"padding-top:60px;\npadding-bottom:0px","bg_section":"#ffffff","title":"PRODUCT RELATED","enable_dot":false,"enable_nav":true,"home_productlists_limit":"8","home_productlists_columntab":"4","home_productlists_toscroll":"1","row_slick":"1","home_productlists_interval":"0","home_productlists_toscroll_laptop":"3","home_productlists_toscroll_table":"3","home_productlists_toscroll_phone_min":"2","products_recently_enable":true,"products_recently_title":"Recent Viewed","products_recently_number":"4","position_sidebar":"left"}},"collection-list-template":{"type":"collection-list-template","settings":{"layout-sidebar":"left","layout-grid-list":"list","collection_product_per_page":"12","collection_product_per_row":"3","collection_product_userow":false,"show_reviews_detail":true,"show_reviews_detail_tab":true}},"collection-grid-template":{"type":"collection-grid-template","settings":{"set_box":"box-full","layout-grid-list":"grid","layout-sidebar":"left","col_products":"3","collection_product_per_page":"15","enable_loadmore_option":"pagi"}},"cart-template":{"type":"cart-template","settings":{}},"blog-template":{"type":"blog-template","settings":{"blog-sidebar-enable":true,"layout-sidebar":"right","layout":"list-time","number_limit":"6","blog_show_author":true,"blog_show_date":true}},"map":{"type":"map","settings":{"custom_space":"padding-top:100px;padding-bottom:100px","set_box":"none","bg_section":"#ffffff","map_zoom":"14"}},"article-template":{"type":"article-template","settings":{"blog-sidebar-enable":false,"layout-sidebar":"left","blog_show_author":true,"blog_show_date":true,"show_share_buttons":true}},"1502733007915":{"type":"collection-banner-v1","blocks":{"1514997543787":{"type":"image","settings":{"image":"shopify:\/\/shop_images\/banner92.jpg","section_height":"medium","size_width":"25%","bg_content":"rgba(0,0,0,0)","alignment":"center","link":"shopify:\/\/collections","cta_label":"Chair design","color":"#222222","sub_cta":"2017","color_sub":"#ffffff"}},"1513535606326":{"type":"image","settings":{"image":"shopify:\/\/shop_images\/banner6_5.jpg","section_height":"medium","size_width":"25%","bg_content":"#ffffff","alignment":"center","link":"shopify:\/\/products\/harriet-chambray","cta_label":"Chambray","color":"#222222","sub_cta":"sale off 50%","color_sub":"#999999"}},"1514997578702":{"type":"image","settings":{"image":"shopify:\/\/shop_images\/banner91.jpg","section_height":"medium","size_width":"25%","bg_content":"rgba(0,0,0,0)","alignment":"center","link":"shopify:\/\/collections","cta_label":"Minimal Chair","color":"#222222","sub_cta":"2018","color_sub":"#ffffff"}},"1513535329857":{"type":"image","settings":{"image":"shopify:\/\/shop_images\/banner6_4.jpg","section_height":"medium","size_width":"25%","bg_content":"#ffffff","alignment":"center","link":"shopify:\/\/collections","cta_label":"Accessories","color":"#222222","sub_cta":"Minimal chair","color_sub":"#999999"}},"1514997594852":{"type":"image","settings":{"image":"shopify:\/\/shop_images\/ban10.jpg","section_height":"medium","size_width":"50%","bg_content":"rgba(0,0,0,0)","alignment":"center","link":"shopify:\/\/products\/5-panel-hat","cta_label":"Sale Off 50%","color":"#222222","sub_cta":"Discover now","color_sub":"#999999"}},"1513533842241":{"type":"image","settings":{"image":"shopify:\/\/shop_images\/banner6.jpg","section_height":"medium","size_width":"50%","bg_content":"#ffffff","alignment":"center","link":"shopify:\/\/products\/wall-cloth","cta_label":"Electronic Lamp","color":"#222222","sub_cta":"KOHO lamp","color_sub":"#999999"}}},"block_order":["1514997543787","1513535606326","1514997578702","1513535329857","1514997594852","1513533842241"],"settings":{"custom_space":"padding-top:50px;\npadding-bottom:0px","set_box":"box-full","bg_section":"#ffffff","title":"Top offer 2018","text-align":"left","animation":false,"enables_3d":false,"col_selector":"4"}},"1502825485065":{"type":"social-instagram","settings":{"custom_space_p":"0px 0 0px 0","custom_space_m":"0 0 0 0","set_box":"box-full","bg_section":"#ffffff","urlto_instagram":"https:\/\/www.instagram.com\/theme.minimal\/","linkall_instagram":"","client-id":"f771ffd9812544e99d187d82867f84a2","user-id":"5894711894","accessToken":"5894711894.f771ffd.a0204731c7e14f36949635f50922a0d7","img-size":"standard_resolution","enable_dot":false,"columns_image":"4","instagram_limit":"5","style_insta":"style_2","enable_like_insta":"all"}},"map-contact":{"type":"map-contact","blocks":{"1510676303471":{"type":"text","settings":{"map_title":"Unique Store","map_address":"123 Third Street Fifth Avenue, Manhattan","map_lat":"45.422230","map_long":"-75.692413"}}},"block_order":["1510676303471"],"settings":{"enable_mapcontacts":true,"style_map":"[\n    {\n        \"featureType\": \"all\",\n        \"elementType\": \"labels.text.fill\",\n        \"stylers\": [\n            {\n                \"saturation\": 36\n            },\n            {\n                \"color\": \"#333333\"\n            },\n            {\n                \"lightness\": 40\n            }\n        ]\n    },\n    {\n        \"featureType\": \"all\",\n        \"elementType\": \"labels.text.stroke\",\n        \"stylers\": [\n            {\n                \"visibility\": \"on\"\n            },\n            {\n                \"color\": \"#ffffff\"\n            },\n            {\n                \"lightness\": 16\n            }\n        ]\n    },\n    {\n        \"featureType\": \"all\",\n        \"elementType\": \"labels.icon\",\n        \"stylers\": [\n            {\n                \"visibility\": \"off\"\n            }\n        ]\n    },\n    {\n        \"featureType\": \"administrative\",\n        \"elementType\": \"geometry.fill\",\n        \"stylers\": [\n            {\n                \"color\": \"#fefefe\"\n            },\n            {\n                \"lightness\": 20\n            }\n        ]\n    },\n    {\n        \"featureType\": \"administrative\",\n        \"elementType\": \"geometry.stroke\",\n        \"stylers\": [\n            {\n                \"color\": \"#fefefe\"\n            },\n            {\n                \"lightness\": 17\n            },\n            {\n                \"weight\": 1.2\n            }\n        ]\n    },\n    {\n        \"featureType\": \"landscape\",\n        \"elementType\": \"geometry\",\n        \"stylers\": [\n            {\n                \"color\": \"#f5f5f5\"\n            },\n            {\n                \"lightness\": 20\n            }\n        ]\n    },\n    {\n        \"featureType\": \"poi\",\n        \"elementType\": \"geometry\",\n        \"stylers\": [\n            {\n                \"color\": \"#f5f5f5\"\n            },\n            {\n                \"lightness\": 21\n            }\n        ]\n    },\n    {\n        \"featureType\": \"poi.park\",\n        \"elementType\": \"geometry\",\n        \"stylers\": [\n            {\n                \"color\": \"#dedede\"\n            },\n            {\n                \"lightness\": 21\n            }\n        ]\n    },\n    {\n        \"featureType\": \"road.highway\",\n        \"elementType\": \"geometry.fill\",\n        \"stylers\": [\n            {\n                \"color\": \"#ffffff\"\n            },\n            {\n                \"lightness\": 17\n            }\n        ]\n    },\n    {\n        \"featureType\": \"road.highway\",\n        \"elementType\": \"geometry.stroke\",\n        \"stylers\": [\n            {\n                \"color\": \"#ffffff\"\n            },\n            {\n                \"lightness\": 29\n            },\n            {\n                \"weight\": 0.2\n            }\n        ]\n    },\n    {\n        \"featureType\": \"road.arterial\",\n        \"elementType\": \"geometry\",\n        \"stylers\": [\n            {\n                \"color\": \"#ffffff\"\n            },\n            {\n                \"lightness\": 18\n            }\n        ]\n    },\n    {\n        \"featureType\": \"road.local\",\n        \"elementType\": \"geometry\",\n        \"stylers\": [\n            {\n                \"color\": \"#ffffff\"\n            },\n            {\n                \"lightness\": 16\n            }\n        ]\n    },\n    {\n        \"featureType\": \"transit\",\n        \"elementType\": \"geometry\",\n        \"stylers\": [\n            {\n                \"color\": \"#f2f2f2\"\n            },\n            {\n                \"lightness\": 19\n            }\n        ]\n    },\n    {\n        \"featureType\": \"water\",\n        \"elementType\": \"geometry\",\n        \"stylers\": [\n            {\n                \"color\": \"#e9e9e9\"\n            },\n            {\n                \"lightness\": 17\n            }\n        ]\n    }\n]","map_zoom":"14","enable_address":true,"title_address":"Visit Us","sub_address":"123 Main st. Los Angeles, <br>\nCA, 90012, U.S.A","enable_number":true,"title_number":"Give us a call","sub_number":"Office: 804.355.4383 <br>\nFax: 804.367.7901","enable_online":true,"title_online":"Connect Online","sub_online":"yourmail@address.com <br>\nwww.example.com"}},"form-contacts":{"type":"form-contacts","settings":{"enable_form":true,"title_form":"We would love to hear from you!","sub_form":"If you have any questions, comments or concerns regarding our products please don’t hesitate to get in touch with us.","btn-text":"Send Message"}},"info-about":{"type":"info-about","settings":{"enable_infoabout":true,"image_1":"shopify:\/\/shop_images\/about1.jpg","title_info":"We Are Unique","sub_info":"Clippings is the go-to destination for product discovery - already used by thousands of interior designers to specify furniture and lighting for their projects, and by thousands of customers buying that perfect piece for their own home.","image_2":"shopify:\/\/shop_images\/about2.jpg","image_3":"shopify:\/\/shop_images\/about3.jpg"}},"in-work":{"type":"in-work","blocks":{"1510853175467":{"type":"text","settings":{"title":"FAST DELIVERY","text":"<p>Same day delivery as soon as possible<\/p>","columns_section":"4"}},"1510853188994":{"type":"text","settings":{"title":"SECURE CHECKOUT","text":"<p>Fully secured SSL checkout technology<\/p>","columns_section":"4"}},"1510853192158":{"type":"text","settings":{"title":"MONEY RETURNS","text":"<p>100% Money back guarntee<\/p>","columns_section":"4"}}},"block_order":["1510853175467","1510853188994","1510853192158"],"settings":{"enable_inwork":true,"title_work":"How Do We Work?"}},"testimonials":{"type":"testimonials","blocks":{"1510853374840":{"type":"quote","settings":{"image":"shopify:\/\/shop_images\/u1.png","quote":"<p>Add customer reviews and testimonials to showcase your store’s happy customers.<\/p>","author":"David Stilwell<span>Art Director<\/span>"}},"1510853396991":{"type":"quote","settings":{"image":"shopify:\/\/shop_images\/u2.png","quote":"<p>Add customer reviews and testimonials to showcase your store’s happy customers.<\/p>","author":"David Stilwell<span>Art Director<\/span>"}},"1510857455360":{"type":"quote","settings":{"image":"shopify:\/\/shop_images\/u3.png","quote":"<p>Add customer reviews and testimonials to showcase your store’s happy customers.<\/p>","author":"Author's name<span>Art Director<\/span>"}}},"block_order":["1510853374840","1510853396991","1510857455360"],"settings":{"custom_space":"padding-top:100px;padding-bottom:100px","set_box":"none","bg_section":"#f2f2f2","title":"Testimonials"}},"in-team":{"type":"in-team","blocks":{"1510856112010":{"type":"text","settings":{"image":"shopify:\/\/shop_images\/team1.jpg","title":"Victor Ko <span>Product Manager<\/span>","text":"<p>Lorem Ipsum is simply dummy text of the printing and typesetting industry.<\/p>","columns_section":"3","social_twitter_link":"#","social_facebook_link":"#","social_pinterest_link":"#","social_instagram_link":"#","social_tumblr_link":"#","social_snapchat_link":"","social_youtube_link":"","social_vimeo_link":""}},"1510856483728":{"type":"text","settings":{"image":"shopify:\/\/shop_images\/team2.jpg","title":"K.a Joben <span>GRAPHIC ARTIST<\/span>","text":"<p>Lorem Ipsum is simply dummy text of the printing and typesetting industry.<\/p>","columns_section":"3","social_twitter_link":"#","social_facebook_link":"#","social_pinterest_link":"#","social_instagram_link":"#","social_tumblr_link":"#","social_snapchat_link":"","social_youtube_link":"","social_vimeo_link":""}},"1510857468026":{"type":"text","settings":{"image":"shopify:\/\/shop_images\/team3.jpg","title":"Richard Bauer <span>Developer<\/span>","text":"<p>Lorem Ipsum is simply dummy text of the printing and typesetting industry.<\/p>","columns_section":"3","social_twitter_link":"#","social_facebook_link":"#","social_pinterest_link":"#","social_instagram_link":"#","social_tumblr_link":"","social_snapchat_link":"","social_youtube_link":"","social_vimeo_link":""}},"1510857475375":{"type":"text","settings":{"image":"shopify:\/\/shop_images\/team4.jpg","title":"Marin Julia <span>ART DIRECTOR<\/span>","text":"<p>Lorem Ipsum is simply dummy text of the printing and typesetting industry.<\/p>","columns_section":"3","social_twitter_link":"#","social_facebook_link":"#","social_pinterest_link":"#","social_instagram_link":"","social_tumblr_link":"","social_snapchat_link":"","social_youtube_link":"#","social_vimeo_link":"@"}}},"block_order":["1510856112010","1510856483728","1510857468026","1510857475375"],"settings":{"enable_inteam":true,"title_team":"Team Members"}},"in-contacts":{"type":"in-contacts","settings":{"enable_incon":true,"title_con":"Contact Us","text":"<p>3166 Broaddus Maple Court Avenue,<\/p>\n<p>Madisonville KY 42431, United States of America<\/p>","text_phone_1":"+1 573367 4153","text_email_1":"hello@yourwebsite.com"}},"page-about-v2":{"type":"page-about-v2","settings":{"enable_block_top":true,"image_abouts":"shopify:\/\/shop_images\/about_v3_376f33e0-9459-44a1-97b1-5ddb2520476a.jpg","title_page_about_1":"ABOUT US","des_page_about_1":"<p>A great About Us page helps builds trust between you and your customers. The more content you provide about you and your business, the more confident people will be when purchasing from your store.<\/p>","title_page_about_2":"WHO WE ARE","des_page_about_2":"<p>We have worked hard to source, collect and edit the best of British and Irish design carefully crafted things for the home that are designed and made on these shores.<\/p>","title_page_about_3":"WHAT WE DO","des_page_about_3":"<p>Our products are designed with thought to their purpose and are made carefully. They require skill and knowledge from the designer and the maker.<\/p>"}},"join-us":{"type":"join-us","settings":{"enable_block_join":true,"enable_img_about":true,"image_abouts":"shopify:\/\/shop_images\/about_v4.jpg","title_page_about_1":"WANT TO JOIN US?","des_page_about_1":"<p>Want to join us? As the fastest growing online retailer in the UK, we are constantly striving to push boundaries and drive our business forward. We thrive in a culture of restlessness and innovation, which is why we are always on the lookout for talented and inspired people to join the team - people who share our vision, who can make a difference and who want to be part of something big.<\/p>","title_adress":"CONTACT INFO","address_about":"123 Third Street Fifth Avenue, Manhattan,  New York, USA","address_number":"+1234 456 789","address_contact":"support247@support.com","work":"Mon - Sat: 8:00 - 17:00"}},"about-personal":{"type":"about-personal","settings":{"enable_section":true,"image_1":"shopify:\/\/shop_images\/about_v3.jpg","title_info":"We Are Unique","sub_info":"Clippings is the go-to destination for product discovery - already used by thousands of interior designers to specify furniture and lighting for their projects, and by thousands of customers buying that perfect piece for their own home.","image_2":"shopify:\/\/shop_images\/assign_fd924716-627d-4d97-8d2e-f5ca21183561.png","text_phone":"+1 573367 4153","text_email":"hello@yourwebsite.com"}},"lookbook-pagev1":{"type":"lookbook-pagev1","blocks":{"1511806278154":{"type":"image","settings":{"image":"shopify:\/\/shop_images\/lookbook1.jpg","link_insta":"","product_1":"snow-peak-mola-headlamp","setposition_1":"top:30%;left:60%;","position_1":"bottom","product_2":"","setposition_2":"","position_2":"left","product_3":"","setposition_3":"","position_3":"left","product_4":"","setposition_4":"","position_4":"left"}},"1511806385273":{"type":"image","settings":{"image":"shopify:\/\/shop_images\/lookbook2.jpg","link_insta":"","product_1":"camp-stool","setposition_1":"top:20%;left:40%;","position_1":"bottom","product_2":"canvas-lunch-bag","setposition_2":"left:10%;top:10%;","position_2":"bottom","product_3":"","setposition_3":"","position_3":"top","product_4":"","setposition_4":"","position_4":"left"}},"1511808064459":{"type":"image","settings":{"image":"shopify:\/\/shop_images\/lookbook3.jpg","link_insta":"","product_1":"","setposition_1":"","position_1":"left","product_2":"","setposition_2":"","position_2":"left","product_3":"","setposition_3":"","position_3":"left","product_4":"","setposition_4":"","position_4":"left"}},"1511808209370":{"type":"image","settings":{"image":"shopify:\/\/shop_images\/lookbook4.jpg","link_insta":"","product_1":"","setposition_1":"","position_1":"left","product_2":"","setposition_2":"","position_2":"left","product_3":"","setposition_3":"","position_3":"left","product_4":"","setposition_4":"","position_4":"left"}}},"block_order":["1511806278154","1511806385273","1511808064459","1511808209370"],"settings":{"custom_space":"padding-top:0px;padding-bottom:0px;","set_box":"box-full","instagram_bg_color":"#ffffff","title":"The Lookbook 2018","sub_des":"Lorem Ipsum is simply dummy text of the printing and typesetting industry","pin_def":"#565656","pin_hover":"#ff4850","show_numberplus":"plus"}},"lookbook-pagev2":{"type":"lookbook-pagev2","blocks":{"1511894030124":{"type":"image","settings":{"image":"shopify:\/\/shop_images\/v3_look1.jpg","title_block":"Modern Elegance","des_block":"This Spring, we invite you to refresh your home with brightly colored fabrics, natural wood tones and refined metal accents.","collection":"best-seller","link_block":"go to collection","link_block_link":""}},"1511895250903":{"type":"image","settings":{"image":"shopify:\/\/shop_images\/v3_look2.jpg","title_block":"Inspiration","des_block":"A passion for harmonious living with the environment whilst still keeping modern conveniences throughout the home.","collection":"trendding","link_block":"Go to collection","link_block_link":""}},"1512028096185":{"type":"image","settings":{"image":"shopify:\/\/shop_images\/v3_look3.jpg","title_block":"Ikea teases","des_block":"I was looking for a bookshelf that would hold more of my (admittedly, way too big)","collection":"trendding","link_block":"discover now","link_block_link":""}},"1512028123906":{"type":"image","settings":{"image":"shopify:\/\/shop_images\/v3_look4.jpg","title_block":"Art Deco","des_block":"Lorem Ipsum is simply dummy text of the printing and typesetting industry","collection":"","link_block":"discover now","link_block_link":""}},"1512060606083":{"type":"image","settings":{"image":"shopify:\/\/shop_images\/v3_look5.jpg","title_block":"A Pinterest","des_block":"On our hunt for a new sofa, my partner and I had a few requirements","collection":"trendding","link_block":"Discover Now","link_block_link":""}},"1512060610087":{"type":"image","settings":{"image":"","title_block":"","des_block":"","collection":"","link_block":"","link_block_link":""}},"1512060612622":{"type":"image","settings":{"image":"","title_block":"","des_block":"","collection":"","link_block":"","link_block_link":""}},"1512060613921":{"type":"image","settings":{"image":"","title_block":"","des_block":"","collection":"","link_block":"","link_block_link":""}},"1512060615239":{"type":"image","settings":{"image":"","title_block":"","des_block":"","collection":"","link_block":"","link_block_link":""}},"1512060616401":{"type":"image","settings":{"image":"","title_block":"","des_block":"","collection":"","link_block":"","link_block_link":""}}},"block_order":["1511894030124","1511895250903","1512028096185","1512028123906","1512060606083","1512060610087","1512060612622","1512060613921","1512060615239","1512060616401"],"settings":{"set_box":"box-container","title":"The look 2018","sub_des":"Lorem Ipsum is simply dummy text of the printing and typesetting industry"}},"lookbook-pagev3":{"type":"lookbook-pagev3","blocks":{"1512030944432":{"type":"image","settings":{"image_1":"shopify:\/\/shop_images\/blog-single-img-1.jpg","image":"shopify:\/\/shop_images\/v3_look1.jpg","title_block":"Modern Elegance","link_block":"discover now","link_block_link":""}},"1512031152306":{"type":"image","settings":{"image_1":"shopify:\/\/shop_images\/blog-single-img-2.jpg","image":"shopify:\/\/shop_images\/v3_look2.jpg","title_block":"Luxurious wood","link_block":"Read More","link_block_link":""}},"1512034908075":{"type":"image","settings":{"image_1":"shopify:\/\/shop_images\/v3_look31.jpg","image":"shopify:\/\/shop_images\/v3_look3.jpg","title_block":"The Ikea","link_block":"discover now","link_block_link":""}},"1512034917266":{"type":"image","settings":{"image_1":"shopify:\/\/shop_images\/v3_look41.jpg","image":"shopify:\/\/shop_images\/v3_look4.jpg","title_block":"Lighting Room","link_block":"Discover now","link_block_link":"#"}},"1512034919528":{"type":"image","settings":{"image_1":"shopify:\/\/shop_images\/v3_look51.jpg","image":"shopify:\/\/shop_images\/v3_look5.jpg","title_block":"Chair minimal","link_block":"discover now","link_block_link":"\/"}},"1512034921285":{"type":"image","settings":{"image_1":"","image":"","title_block":"","link_block":"","link_block_link":""}},"1512034922272":{"type":"image","settings":{"image_1":"","image":"","title_block":"","link_block":"","link_block_link":""}},"1512034923359":{"type":"image","settings":{"image_1":"","image":"","title_block":"","link_block":"","link_block_link":""}},"1512034925188":{"type":"image","settings":{"image_1":"","image":"","title_block":"","link_block":"","link_block_link":""}},"1512059446817":{"type":"image","settings":{"image_1":"","image":"","title_block":"","link_block":"","link_block_link":""}}},"block_order":["1512030944432","1512031152306","1512034908075","1512034917266","1512034919528","1512034921285","1512034922272","1512034923359","1512034925188","1512059446817"],"settings":{"set_box":"box-container","title":"The Lookbook 2018","sub_des":"Lorem Ipsum is simply dummy text of the printing and typesetting industry. Lorem Ipsum has been the industry's"}},"store_located":{"type":"store_located","blocks":{"1512119979151":{"type":"text","settings":{"map_title":"Unique Store","map_address":"Your Shop Address","map_lat":"45.422230","map_long":"-75.692413"}},"1512223442738":{"type":"text","settings":{"map_title":"Shop 2","map_address":"Your Shop Address","map_lat":"43.692422","map_long":"-79.348852"}}},"block_order":["1512119979151","1512223442738"],"settings":{"enable_mapcontacts":true,"style_map":"","map_zoom":"5"}},"1513273028763":{"type":"testimonials","disabled":true,"blocks":{"1513273028763-0":{"type":"quote","settings":{"image":"shopify:\/\/shop_images\/u2.png","quote":"<p>&ldquo; I've been using Tommus Rhodus themes for a couple of years now - they're always highly polished and backed up by amazing support. &rdquo;<\/p>","author":"David Stilwell <span>Art Director<\/span>"}},"1513273028763-1":{"type":"quote","settings":{"image":"shopify:\/\/shop_images\/u3.png","quote":"<p>&ldquo; I've been using Tommus Rhodus themes for a couple of years now - they're always highly polished and backed up by amazing support. &rdquo;<\/p>","author":"Author's name"}},"1513273028763-2":{"type":"quote","settings":{"image":"shopify:\/\/shop_images\/u1.png","quote":"<p>&ldquo; I've been using Tommus Rhodus themes for a couple of years now - they're always highly polished and backed up by amazing support. &rdquo;<\/p>","author":"Author's name"}}},"block_order":["1513273028763-0","1513273028763-1","1513273028763-2"],"settings":{"custom_space":"padding-top:110px;padding-bottom:110px;","set_box":"none","bg_section":"#f9f9f9","title":""}},"1513273293749":{"type":"featured-blog","settings":{"custom_space":"padding-top:0px;padding-bottom:30px","set_box":"box-full","bg_section":"#ffffff","title":"Blog posts","blog":"news","style_blog":"","bg_image":"#222222","bloghome_imagesize":"700x","col_blog":"3","arrows":false,"dot":false,"rows":"1","post_limit":"3","blog_show_des":false,"blog_show_author":true,"blog_show_date":true,"enable_tags":false,"blog_show_readmore":false,"show_view_all":false}},"1513616304372":{"type":"slideshow","blocks":{"1513616304372-1":{"type":"image","settings":{"image":"shopify:\/\/shop_images\/s6_1.jpg","alignment":"top","align":"center","btn_style":"style2","title":"Sale Off 50%","subheading":"Design Funiture","button":"Shop now","link":"shopify:\/\/collections\/trendding","slide_type":true,"bg_box":"#ffffff","color":"#f94e3f","color_subtitle":"#888888","slideshow_buttoncolor":"#ffffff","slideshow_buttonbg":"#222222","slideshow_buttonbcolor":"#222222","slideshow_buttoncolor_hover":"#ffffff","slideshow_buttonbg_hover":"#333333","slideshow_buttonbcolor_hover":"#333333"}},"1513616304372-0":{"type":"image","settings":{"image":"shopify:\/\/shop_images\/s34.jpg","alignment":"top","align":"center","btn_style":"style2","title":"Soft light","subheading":"WALL SPOT - USD 325.00","button":"Shop now","link":"shopify:\/\/products\/5-panel-hat","slide_type":true,"bg_box":"#ffffff","color":"#f94e3f","color_subtitle":"#888888","slideshow_buttoncolor":"#ffffff","slideshow_buttonbg":"#222222","slideshow_buttonbcolor":"#222222","slideshow_buttoncolor_hover":"#ffffff","slideshow_buttonbg_hover":"#333333","slideshow_buttonbcolor_hover":"#333333"}},"1514222365782":{"type":"image","settings":{"image":"shopify:\/\/shop_images\/banner_to.jpg","alignment":"top","align":"center","btn_style":"style2","title":"Stylish & Modern","subheading":"NEW YORK · PARIS · LONDON","button":"Shop now","link":"","slide_type":false,"bg_box":"#ffffff","color":"#030303","color_subtitle":"#888888","slideshow_buttoncolor":"#ffffff","slideshow_buttonbg":"#000000","slideshow_buttonbcolor":"#000000","slideshow_buttoncolor_hover":"#ffffff","slideshow_buttonbg_hover":"#333333","slideshow_buttonbcolor_hover":"#333333"}}},"block_order":["1513616304372-1","1513616304372-0","1514222365782"],"settings":{"set_box":"box-full","autoplay":true,"heightvh":false,"autoplay_speed":"5000","slide_anim":"fade","slideshow_height":"medium","text_size":"large","btn_text_size":"medium","slideshow_type_Nav":"true","slideshow_style_arrows":"true","arrow_center":true,"style_dot":"style_2","dot_center":true,"slideshow_captiontop":"50%","color_overlay":"#ffffff","opacity":"0"}},"1514011965138":{"type":"services","disabled":true,"blocks":{"1514011965138-0":{"type":"text","settings":{"icon":"<svg xmlns=\"http:\/\/www.w3.org\/2000\/svg\" viewbox=\"0 0 35 38\"><title>  D07EF483-CC61-4CCA-AB21-64EB31EF607E<\/title>\n<desc>  Created with sketchtool.<\/desc><g fill=\"none\"><g fill=\"#FFF\"><path d=\"M34.1 20L29.9 17.6 29.9 16.8C29.9 16.3 29.4 15.9 28.9 15.9 28.5 15.9 28.1 16.1 28 16.5L25.9 15.3 25.9 14.3C25.9 13.8 25.4 13.4 24.9 13.4 24.4 13.4 24 13.7 24 14.2L21.5 12.8 21.5 5.7C21.5 4.2 21.1 2.8 20.3 1.7 19.5 0.6 18.4 0 17.2 0 16 0 14.9 0.6 14.1 1.7 13.3 2.8 12.9 4.2 12.9 5.7L12.9 12.7 10.4 14.2C10.4 13.7 10 13.4 9.5 13.4 9 13.4 8.5 13.8 8.5 14.3L8.5 15.3 6.4 16.5C6.3 16.1 5.9 15.9 5.5 15.9 4.9 15.9 4.5 16.3 4.5 16.8L4.5 17.6 0.3 20C0.1 20.2 0 20.4 0 20.6L0 23.6C0 23.8 0.1 24 0.3 24.1 0.4 24.2 0.5 24.2 0.6 24.2 0.7 24.2 0.8 24.2 0.8 24.2L12.9 20.3 12.9 27.7 12.9 29.7C12.9 29.8 12.9 30 12.9 30.1L9.1 34C8.9 34.2 8.9 34.3 8.9 34.5L8.9 36.1C8.9 36.5 9.2 36.8 9.5 36.8L15.2 36.8C15.7 37.5 16.4 37.9 17.2 37.9 18 37.9 18.7 37.5 19.3 36.8L24.9 36.8C25.2 36.8 25.5 36.5 25.5 36.1L25.5 34.5C25.5 34.3 25.4 34.2 25.3 34L21.5 30.2C21.5 30 21.5 29.8 21.5 29.7L21.5 27.7 21.5 20.3 33.6 24.2C33.6 24.2 33.7 24.2 33.7 24.2 33.9 24.2 34 24.2 34.1 24.1 34.3 24 34.4 23.8 34.4 23.6L34.4 20.6C34.4 20.4 34.3 20.2 34.1 20L34.1 20ZM12.8 19L1.3 22.7 1.3 20.9 12.8 14.2 12.8 19 12.8 19 12.8 19ZM10.1 35.5L10.1 34.8 13.1 31.7C13.1 31.8 13.1 31.8 13.1 31.9L13.1 31.9C13.3 32.9 13.7 34.3 14.4 35.5L10.1 35.5 10.1 35.5 10.1 35.5ZM17.2 36.7C16.2 36.7 14.9 34.3 14.4 31.6L14.4 31.6C14.2 30.9 14.2 30.2 14.2 29.7L14.2 27.7 14.2 5.7C14.2 3.3 15.5 1.3 17.2 1.3 18.9 1.3 20.3 3.3 20.3 5.7L20.3 13.1 20.3 19.4 20.3 27.7 20.3 29.7C20.3 30.2 20.2 30.9 20.1 31.6L20.1 31.6C19.5 34.3 18.2 36.7 17.2 36.7L17.2 36.7ZM24.2 34.8L24.2 35.5 20.1 35.5C20.7 34.3 21.1 32.9 21.3 31.9L21.3 31.9C21.3 31.8 21.3 31.8 21.3 31.8L24.2 34.8 24.2 34.8ZM33.1 22.7L21.5 19 21.5 14.2 33.1 20.9 33.1 22.7 33.1 22.7Z\"><\/path><\/g><\/g><\/svg>","heading_service":"FREE WORLDWIDE SHIPPING ON ORDERS","des_service":"","columns_section":"3"}},"1514011965138-1":{"type":"text","settings":{"icon":"<svg xmlns=\"http:\/\/www.w3.org\/2000\/svg\" width=\"41\" height=\"27\" viewbox=\"0 0 41 27\"><title>  A7DFBE06-07E8-47F3-9FF8-DBA386FBAE78<\/title>\n<desc>  Created with sketchtool.<\/desc><g fill=\"none\"><g fill=\"#FFF\"><path d=\"M37.6 10.9C36.8 9.6 35.4 8.7 33.9 8.7L28.4 8.7 28.4 1.5C28.4 0.9 27.9 0.5 27.4 0.5L1.2 0.5C0.6 0.5 0.2 0.9 0.2 1.5L0.2 22.7C0.2 23.2 0.6 23.7 1.2 23.7L3.1 23.7C3.6 25.1 4.9 26.2 6.5 26.2 8.1 26.2 9.4 25.1 9.8 23.7L27.4 23.7 29.5 23.7C29.9 25.1 31.3 26.2 32.9 26.2 34.4 26.2 35.8 25.1 36.2 23.7L39.3 23.7C39.9 23.7 40.3 23.2 40.3 22.7L40.3 16.2C40.3 16 40.3 15.9 40.2 15.7L37.6 10.9ZM1.2 1.5L26.4 1.5 26.4 21.7 9.8 21.7C9.4 20.2 8.1 19.2 6.5 19.2 4.9 19.2 3.6 20.2 3.1 21.7L1.2 21.7 1.2 1.5 1.2 1.5ZM8 22.7C8 23.5 7.3 24.2 6.5 24.2 5.7 24.2 5 23.5 5 22.7 5 21.9 5.7 21.2 6.5 21.2 7.3 21.2 8 21.9 8 22.7L8 22.7ZM34.4 22.7C34.4 23.5 33.7 24.2 32.9 24.2 32 24.2 31.4 23.5 31.4 22.7 31.4 21.9 32 21.2 32.9 21.2 33.7 21.2 34.4 21.9 34.4 22.7L34.4 22.7ZM38.3 21.7L36.2 21.7C35.8 20.2 34.4 19.2 32.9 19.2 31.3 19.2 29.9 20.2 29.5 21.7L28.4 21.7 28.4 10.7 33.9 10.7C34.7 10.7 35.4 11.2 35.8 11.9L38.3 16.5 38.3 21.7 38.3 21.7Z\"><\/path><path d=\"M13.8 8L17.9 8 17.2 8.8C16.9 9 16.9 9.4 17.2 9.6 17.3 9.7 17.4 9.8 17.6 9.8 17.7 9.8 17.9 9.7 18 9.6L19.6 8C19.9 7.7 19.9 7.2 19.6 6.9L18 5.3C17.7 5.1 17.4 5.1 17.2 5.3 16.9 5.5 16.9 5.9 17.2 6.1L17.9 6.9 13.8 6.9C13.5 6.9 13.3 7.1 13.3 7.5 13.3 7.8 13.5 8 13.8 8L13.8 8Z\"><\/path><path d=\"M9.2 15.6C9.3 15.7 9.5 15.8 9.6 15.8 9.8 15.8 9.9 15.7 10 15.6 10.3 15.4 10.3 15 10 14.8L9.3 14 13.4 14C13.7 14 13.9 13.8 13.9 13.5 13.9 13.1 13.7 12.9 13.4 12.9L9.3 12.9 10 12.1C10.3 11.9 10.3 11.5 10 11.3 9.8 11.1 9.5 11.1 9.2 11.3L7.6 12.9C7.5 13.1 7.4 13.3 7.4 13.5 7.4 13.7 7.5 13.9 7.6 14L9.2 15.6 9.2 15.6Z\"><\/path><\/g><\/g><\/svg>","heading_service":"FREE RETURNS WORLDWIDE ON ORDERS","des_service":"","columns_section":"3"}},"1514011965138-2":{"type":"text","settings":{"icon":"<svg xmlns=\"http:\/\/www.w3.org\/2000\/svg\" width=\"28\" height=\"38\" viewbox=\"0 0 28 38\"><title>  ABA4481B-606F-469E-B9D4-449D8CA3A473<\/title>\n<desc>  Created with sketchtool.<\/desc><g fill=\"none\"><g fill=\"#FFF\"><path d=\"M25.7 15.4C26.4 14.8 27.3 14 27.3 13 27.3 11.9 26.4 11.2 25.7 10.5 25.3 10.1 24.8 9.7 24.7 9.4 24.6 9.1 24.7 8.4 24.8 7.8 25 6.9 25.3 5.8 24.7 5 24.1 4.2 23 4.1 22 4 21.4 3.9 20.8 3.9 20.5 3.6 20.2 3.4 19.9 2.9 19.7 2.3 19.3 1.4 18.9 0.4 17.9 0.1 17.7 0 17.5 0 17.3 0 16.5 0 15.8 0.4 15.1 0.8 14.6 1.1 14 1.5 13.7 1.5 13.3 1.5 12.7 1.1 12.2 0.8 11.5 0.4 10.8 0 10 0 9.8 0 9.6 0 9.5 0.1 8.5 0.4 8 1.4 7.6 2.3 7.4 2.9 7.1 3.4 6.9 3.6 6.6 3.9 5.9 3.9 5.3 4 4.4 4.1 3.3 4.2 2.7 5 2.1 5.8 2.3 6.9 2.5 7.8 2.6 8.4 2.8 9.1 2.7 9.4 2.6 9.7 2.1 10.1 1.7 10.5 0.9 11.2 0.1 11.9 0.1 13 0.1 14 0.9 14.8 1.7 15.4 2.1 15.8 2.6 16.2 2.7 16.5 2.8 16.9 2.6 17.5 2.5 18.1 2.3 19 2.1 20.1 2.7 20.9 3.3 21.7 4.4 21.8 5.3 21.9L1.4 34.6C1.3 34.9 1.4 35.2 1.6 35.4 1.8 35.6 2.1 35.7 2.4 35.6L6.5 33.8 8.9 37.5C9 37.8 9.3 37.9 9.5 37.9 9.6 37.9 9.6 37.9 9.6 37.9 9.9 37.9 10.2 37.7 10.3 37.4L13.7 26.4 17.1 37.4C17.2 37.7 17.4 37.9 17.7 37.9 17.7 37.9 17.8 37.9 17.8 37.9 18.1 37.9 18.3 37.8 18.5 37.5L20.8 33.8 24.9 35.6C25.2 35.7 25.5 35.6 25.7 35.4 25.9 35.2 26 34.9 25.9 34.6L22 21.9C23 21.8 24.1 21.7 24.7 20.9 25.3 20.1 25 19 24.8 18.1 24.7 17.5 24.6 16.9 24.7 16.5 24.8 16.2 25.3 15.8 25.7 15.4L25.7 15.4ZM9.3 35.3L7.5 32.4C7.3 32.1 6.9 32 6.5 32.1L3.3 33.5 6.8 22.3C6.9 22.3 6.9 22.3 6.9 22.3 7.1 22.5 7.4 23.1 7.6 23.6 8 24.5 8.5 25.5 9.5 25.8 9.6 25.9 9.8 25.9 10 25.9 10.8 25.9 11.5 25.5 12.2 25.1 12.3 25 12.4 25 12.5 24.9L9.3 35.3 9.3 35.3ZM20.8 32.1C20.5 32 20.1 32.1 19.9 32.4L18 35.3 14.8 24.9C14.9 25 15 25 15.1 25.1 15.8 25.5 16.5 25.9 17.3 25.9 17.5 25.9 17.7 25.9 17.9 25.8 18.9 25.5 19.3 24.5 19.7 23.6 19.9 23.1 20.2 22.5 20.5 22.3 20.5 22.3 20.5 22.3 20.5 22.3L24 33.5 20.8 32.1 20.8 32.1ZM23.2 16.1C23 16.8 23.2 17.6 23.3 18.4 23.5 19 23.6 19.8 23.4 20 23.2 20.3 22.5 20.4 21.8 20.4 21 20.5 20.2 20.6 19.6 21 19 21.5 18.6 22.3 18.3 23 18 23.6 17.7 24.3 17.4 24.4 17.4 24.4 17.3 24.4 17.3 24.4 17 24.4 16.4 24.1 15.9 23.8 15.2 23.4 14.5 23 13.7 23 12.9 23 12.1 23.4 11.4 23.8 10.9 24.1 10.4 24.4 10 24.4 10 24.4 10 24.4 9.9 24.4 9.6 24.3 9.3 23.6 9 23 8.7 22.3 8.4 21.5 7.8 21 7.1 20.6 6.3 20.5 5.5 20.4 4.9 20.4 4.1 20.3 3.9 20 3.7 19.8 3.9 19 4 18.4 4.2 17.6 4.3 16.8 4.1 16.1 3.9 15.3 3.3 14.8 2.7 14.3 2.2 13.8 1.6 13.3 1.6 13 1.6 12.6 2.2 12.1 2.7 11.6 3.3 11.1 3.9 10.6 4.1 9.9 4.3 9.1 4.2 8.3 4 7.5 3.9 6.9 3.7 6.2 3.9 5.9 4.1 5.6 4.9 5.5 5.5 5.5 6.3 5.4 7.1 5.3 7.8 4.9 8.4 4.4 8.7 3.7 9 2.9 9.3 2.4 9.6 1.6 9.9 1.5 10 1.5 10 1.5 10 1.5 10.4 1.5 10.9 1.8 11.4 2.1 12.1 2.5 12.9 3 13.7 3 14.5 3 15.2 2.5 15.9 2.1 16.4 1.8 17 1.5 17.3 1.5 17.3 1.5 17.4 1.5 17.4 1.5 17.7 1.6 18 2.4 18.3 2.9 18.6 3.7 19 4.4 19.6 4.9 20.2 5.3 21 5.4 21.8 5.5 22.5 5.5 23.2 5.6 23.4 5.9 23.6 6.2 23.5 6.9 23.3 7.5 23.2 8.3 23 9.1 23.2 9.9 23.5 10.6 24.1 11.1 24.7 11.6 25.2 12.1 25.7 12.6 25.7 13 25.7 13.3 25.2 13.8 24.7 14.3 24.1 14.8 23.5 15.3 23.2 16.1L23.2 16.1Z\"><\/path><path d=\"M13.7 4.4C8.9 4.4 5 8.2 5 13 5 17.7 8.9 21.6 13.7 21.6 18.4 21.6 22.3 17.7 22.3 13 22.3 8.2 18.4 4.4 13.7 4.4L13.7 4.4ZM13.7 20C9.7 20 6.6 16.9 6.6 13 6.6 9.1 9.7 5.9 13.7 5.9 17.6 5.9 20.8 9.1 20.8 13 20.8 16.9 17.6 20 13.7 20L13.7 20Z\"><\/path><path d=\"M13.7 7C10.4 7 7.7 9.7 7.7 13 7.7 13.4 8 13.7 8.4 13.7 8.8 13.7 9.2 13.4 9.2 13 9.2 10.5 11.2 8.5 13.7 8.5 14.1 8.5 14.4 8.2 14.4 7.8 14.4 7.3 14.1 7 13.7 7L13.7 7Z\"><\/path><\/g><\/g><\/svg>","heading_service":"24 MONTH WARRANTY ON  ALL PRODUCTS","des_service":"","columns_section":"3"}},"1514012023849":{"type":"text","settings":{"icon":"<svg xmlns=\"http:\/\/www.w3.org\/2000\/svg\" width=\"28\" height=\"38\" viewbox=\"0 0 28 38\"><title>  lock<\/title>\n<desc>  Created with Sketch.<\/desc><g fill=\"none\"><g fill=\"#FFF\"><path d=\"M21.5 13.7L21.5 8C21.5 3.6 17.9 0 13.5 0 9.1 0 5.5 3.6 5.5 8L5.5 13.7 0 13.7 0 38 27 38 27 13.7 21.5 13.7 21.5 13.7ZM7.8 8C7.8 4.9 10.4 2.4 13.5 2.4 16.6 2.4 19.2 4.9 19.2 8L19.2 13.7 7.8 13.7 7.8 8 7.8 8ZM24.7 35.6L2.4 35.6 2.4 16.1 24.7 16.1 24.7 35.6 24.7 35.6Z\"><\/path><path d=\"M12.3 26.5L12.3 30.7 14.7 30.7 14.7 26.5C15.6 26 16.3 25.1 16.3 24 16.3 22.5 15 21.3 13.5 21.3 12 21.3 10.8 22.5 10.8 24 10.8 25.1 11.4 26 12.3 26.5L12.3 26.5Z\"><\/path><\/g><\/g><\/svg>","heading_service":"24 MONTH WARRANTY ON  ALL PRODUCTS","des_service":"","columns_section":"3"}}},"block_order":["1514011965138-0","1514011965138-1","1514011965138-2","1514012023849"],"settings":{"custom_space":"padding-top:0px;padding-bottom:0px","set_box":"box-container","icon-left":false,"color_border_box":"#222222","bg_section":"#2c2c2c","title":"","color_title":"#ffffff","color_title_sub":"#888888","color_icon":"#222222","color_border":"#222222"}},"1514014039604":{"type":"shop-ista","disabled":true,"settings":{"custom_space":"padding-top:10px;padding-bottom:90px","set_box":"box-full","bg_section":"#ffffff","title":"","content_insta":"<script src=\"https:\/\/snapppt.com\/widgets\/widget_loader\/ceb3ee2f-7ee7-4aa0-b88c-eb522782f669\/grid.js\" defer class=\"snapppt-widget\"><\/script>"}},"1514307597798":{"type":"collection-product-list","settings":{"layout":"left","custom_space":"padding-top:0px;padding-bottom:0px","set_box":"box-full","bg_section":"#ffffff","block_banner_enable":false,"image":"shopify:\/\/shop_images\/banner91.jpg","columns_section":"col-md-12","center_text":false,"cta_label":"sale off 30%","color":"#222222","sub_cta":"Chair design 2017","color_sub":"#323232","link":"shopify:\/\/products\/harriet-chambray","btn_cta":"shop now","title":"Best Sellers","title_sub":"find the top 100 most popular items","btn_linktop":"","home_productlists_type":"slick_carousel","enable_dot":false,"enable_nav":true,"home_productlists_limit":"8","home_productlists_columntab":"4","home_row_slick":"1","home_productlists_toscroll":"1","home_productlists_toscroll_laptop":"4","home_productlists_toscroll_table":"3","home_productlists_toscroll_phone_min":"2","home_productlists_interval":"0","collection":"best-seller","btn_link_all":""}},"1514394332644":{"type":"collection-product-list","settings":{"layout":"right","custom_space":"padding-top:0px;padding-bottom:50px","set_box":"box-full","bg_section":"#ffffff","block_banner_enable":true,"image":"shopify:\/\/shop_images\/banner92.jpg","columns_section":"col-md-12","center_text":true,"cta_label":"sale off 20%","color":"#222222","sub_cta":"Minimal Chair","color_sub":"#393939","link":"shopify:\/\/products\/long-sleeve-swing","btn_cta":"Discover now","title":"New Arrivals","title_sub":"find the top 100 new arrivals items","btn_linktop":"","home_productlists_type":"slick_carousel","enable_dot":false,"enable_nav":true,"home_productlists_limit":"8","home_productlists_columntab":"4","home_row_slick":"1","home_productlists_toscroll":"1","home_productlists_toscroll_laptop":"4","home_productlists_toscroll_table":"2","home_productlists_toscroll_phone_min":"2","home_productlists_interval":"0","collection":"trendding","btn_link_all":""}},"1514480703007":{"type":"collection-list-style2","disabled":true,"blocks":{"1514480703007-0":{"type":"featured_collection","settings":{"collection":"best-seller","image":"shopify:\/\/shop_images\/x1.jpg"}},"1514480703007-1":{"type":"featured_collection","settings":{"collection":"trendding","image":"shopify:\/\/shop_images\/x2_414c6b45-f522-412c-b591-0f4fe83ca659.jpg"}},"1514480703007-2":{"type":"featured_collection","settings":{"collection":"","image":"shopify:\/\/shop_images\/x4.jpg"}},"1514482950232":{"type":"featured_collection","settings":{"collection":"","image":"shopify:\/\/shop_images\/x3.jpg"}},"1514484372379":{"type":"featured_collection","settings":{"collection":"","image":"shopify:\/\/shop_images\/x5.jpg"}},"1514484376535":{"type":"featured_collection","settings":{"collection":"","image":"shopify:\/\/shop_images\/x6.jpg"}},"1514484377706":{"type":"featured_collection","settings":{"collection":"","image":"shopify:\/\/shop_images\/x9.jpg"}},"1514484378956":{"type":"featured_collection","settings":{"collection":"","image":"shopify:\/\/shop_images\/x8.jpg"}}},"block_order":["1514480703007-0","1514480703007-1","1514480703007-2","1514482950232","1514484372379","1514484376535","1514484377706","1514484378956"],"settings":{"custom_space":"padding-top:0px;padding-bottom:0px","set_box":"box-container","bg_section":"#ffffff","title":"","grid":"4"}},"1514995307651":{"type":"collection-banner-v1","blocks":{"1514995307651-0":{"type":"image","settings":{"image":"shopify:\/\/shop_images\/banner5_1.jpg","section_height":"medium","size_width":"33%","bg_content":"rgba(0,0,0,0)","alignment":"center","link":"shopify:\/\/products\/5-panel-hat","cta_label":"Sushi Bar","color":"#222222","sub_cta":"elegant","color_sub":"#999999"}},"1514995307651-1":{"type":"image","settings":{"image":"shopify:\/\/shop_images\/b1.jpg","section_height":"large","size_width":"66%","bg_content":"rgba(0,0,0,0)","alignment":"center","link":"","cta_label":"Unique Design","color":"#222222","sub_cta":"Discount 50%","color_sub":"#ff0000"}},"1514995307651-2":{"type":"image","settings":{"image":"shopify:\/\/shop_images\/h6.jpg","section_height":"medium","size_width":"33%","bg_content":"#ffffff","alignment":"center","link":"","cta_label":"Outdoor","color":"#222222","sub_cta":"KOHO lamp","color_sub":"#999999"}}},"block_order":["1514995307651-0","1514995307651-1","1514995307651-2"],"settings":{"custom_space":"padding-top:40px;padding-bottom:0px","set_box":"box-full","bg_section":"#ffffff","title":"Top offer 2018","text-align":"left","animation":false,"enables_3d":false,"col_selector":"3"}},"1514998524046":{"type":"hero","settings":{"custom_space":"padding-top:0px;padding-bottom:0px","set_box":"box-full","bg_section":"#ffffff","color_overlay":"#ffffff","opacity":"0","image":"shopify:\/\/shop_images\/ban11.jpg","check_fixed":false,"alignment":"center","alignment-ver":"top","align":"center","title":"30% off all Decor","color":"#222222","color_subtitle":"#fd795e","text":"<p>UNIQUE COLLECTION<\/p>","hero_size":"large","text_size":"large","button_label":"discover now","button_link":"shopify:\/\/collections","btn_style":"style2","hero_buttoncolor":"#ffffff","hero_buttonbg":"#222222","hero_buttonbcolor":"#222222","hero_buttoncolor_hover":"#ffffff","hero_buttonbg_hover":"#333333","hero_buttonbcolor_hover":"#333333"}},"1514999639142":{"type":"logo-bar","blocks":{"1514999639142-0":{"type":"logo_image","settings":{"image":"shopify:\/\/shop_images\/vendor_logo_1.png","link":"shopify:\/\/collections"}},"1514999639142-1":{"type":"logo_image","settings":{"image":"shopify:\/\/shop_images\/vendor_logo_2.png","link":"shopify:\/\/collections"}},"1514999639142-2":{"type":"logo_image","settings":{"image":"shopify:\/\/shop_images\/vendor_logo_3.png","link":"shopify:\/\/collections"}},"1514999639142-3":{"type":"logo_image","settings":{"image":"shopify:\/\/shop_images\/vendor_logo_4.png","link":"shopify:\/\/collections"}},"1514999639142-4":{"type":"logo_image","settings":{"image":"shopify:\/\/shop_images\/vendor_logo_5.png","link":"shopify:\/\/collections\/best-seller"}},"1514999639142-5":{"type":"logo_image","settings":{"image":"shopify:\/\/shop_images\/vendor_logo_6.png","link":"shopify:\/\/collections\/trendding"}}},"block_order":["1514999639142-0","1514999639142-1","1514999639142-2","1514999639142-3","1514999639142-4","1514999639142-5"],"settings":{"custom_space":"padding-top:80px;padding-bottom:80px;","set_box":"box-full","bg_section":"#ffffff","title":"","enable_dot_logo":false,"enable_nav_logo":true,"logo_column":"6","logobar_toscroll":"6","rows":"1","logobar_toscroll_laptop":"5","logobar_toscroll_table":"4","logobar_toscroll_phone_min":"1","logo_interval":"8000"}},"1515084365228":{"type":"collection-list-style3","blocks":{"1515084365228-0":{"type":"featured_collection","settings":{"collection":"chair","image":"shopify:\/\/shop_images\/i1.png"}},"1515084365228-1":{"type":"featured_collection","settings":{"collection":"lighting","image":"shopify:\/\/shop_images\/i2.png"}},"1515084365228-2":{"type":"featured_collection","settings":{"collection":"garden","image":"shopify:\/\/shop_images\/i3.png"}},"1515087469763":{"type":"featured_collection","settings":{"collection":"bathroom","image":"shopify:\/\/shop_images\/i4.png"}},"1515087481090":{"type":"featured_collection","settings":{"collection":"clock","image":"shopify:\/\/shop_images\/i5.png"}},"1515087494299":{"type":"featured_collection","settings":{"collection":"vase","image":"shopify:\/\/shop_images\/i6.png"}},"1515087504131":{"type":"featured_collection","settings":{"collection":"accessories","image":"shopify:\/\/shop_images\/i7.png"}},"1515087515203":{"type":"featured_collection","settings":{"collection":"furniture","image":"shopify:\/\/shop_images\/i8.png"}}},"block_order":["1515084365228-0","1515084365228-1","1515084365228-2","1515087469763","1515087481090","1515087494299","1515087504131","1515087515203"],"settings":{"custom_space":"padding-top:80px;padding-bottom:0px","set_box":"box-full","bg_section":"#ffffff","color_title":"#ff4a32","title":"","col":"5","row":"1","dot":true,"nav":false}}},"content_for_index":["1513616304372","1515084365228","1502733007915","1514480703007","1514307597798","1514995307651","1514394332644","1514998524046","1514999639142","1513273293749","1513273028763","1502825485065","1514014039604","1514011965138"]},"presets":{"Default":{"sections":{"header":{"type":"header","settings":{}},"hero":{"type":"hero","settings":{"text_size":"large"}},"slideshow":{"type":"slideshow","blocks":{"slideshow-0":{"type":"image","settings":{}},"slideshow-1":{"type":"image","settings":{}}},"block_order":["slideshow-0","slideshow-1"],"settings":{}},"feature-row":{"type":"feature-row","settings":{}},"footer":{"type":"footer","settings":{}}},"content_for_index":["hero","feature-row","slideshow"]}}}